序号,文章标题,URL
1,平台战争主导“秋一杯”：第六年，狂欢与混乱并存,https://mp.weixin.qq.com/s/4W9kTivotuN0oUzaBw5kmA
2,点外卖送周杰伦演唱会门票？美团会员这波“氪金打榜”杀疯了,https://mp.weixin.qq.com/s/ZygR2Z7vW5tIxUtir4X0Cg
3,茶百道北美首店；喜茶入驻饿了么；蜜雪冰城再现食安风波|茶饮食品圈一周大事件,https://mp.weixin.qq.com/s/YcjaQ_x0Ht2_bBV1q2YCkw
4,得力“超级文具节”引爆IP联名，国民品牌如何“哪吒式”破圈年轻化,https://mp.weixin.qq.com/s/7fHr7uR8T5xsv9JlZJIvWA
5,"毛戈平或将跨入""50亿俱乐部""；屈臣氏中国门店数跌至7年最低；胡润首发中国彩妆品牌Top50丨美妆圈一周大事件",https://mp.weixin.qq.com/s/N7vjgi0mxA3cZRwQAxpGfA
6,Nike起诉陈冠希；Crocs第二季度亏损近5亿美元；迪卡侬中国拟售30%股权|运动服饰圈一周大事件,https://mp.weixin.qq.com/s/6Ie_2iEPfv2mRmUhpGjRyw
7,阿玛尼官宣白鹿；梁朝伟代言斯凯奇；珀莱雅携手宋佳｜一周代言人盘点,https://mp.weixin.qq.com/s/D1rxhJ01g0xxMJnrgcLV2Q
8,苹果Vision Pro卖不动，vivo Vision如何避免重蹈覆辙？,https://mp.weixin.qq.com/s/_igRXaE1Ug9KTAtLFcV4mw
9,叮咚买菜啃“无抗鱼”硬骨头：吊水鱼、四仓合一、给鱼发“身份证”？,https://mp.weixin.qq.com/s/LTlu0DwIlQQ16k-GLFWdPQ
10,瑞幸联名艾丝乐小兔；沪上阿姨携手锦月如歌；汉堡王×火影忍者上线全国门店|一周IP联名盘点,https://mp.weixin.qq.com/s/dUCzNflkryTgpJpOLyIqiA
11,即时零售正在“反常识增长”：对话美妆、服饰、潮玩领域3位入局者,https://mp.weixin.qq.com/s/W9OCEybxYAIClgq89r9PwA
12,名创优品联名哈利·波特开启快闪；白敬亭代言tnt潮玩；卡牌闪魂首轮融资超亿元|谷子潮玩圈一周大事件,https://mp.weixin.qq.com/s/D8q59rxo211gsBU4n7b37A
13,蜜雪冰城的低价挡箭牌，扛得住东方明珠“扫射”，扛不住食品安全危机,https://mp.weixin.qq.com/s/NDBs82K431JviidwJQs0-Q
14,“铁粉”口中的东方甄选：小米的参与感，胖东来的价值观，一种超越购物的精神力量,https://mp.weixin.qq.com/s/Vg0RSUp0CC-yBXQapVa5LA
15,深度｜老铺黄金如何高奢破局,https://mp.weixin.qq.com/s/ZVmXX_fQoUJ58H4rcS6wSg
16,代言一天销售额超千万，田栩宁救得了黛珂中国市场吗？,https://mp.weixin.qq.com/s/MehA8AMRqW5g2CehIkOPwQ
17,始祖鸟北京打造全球首家“出发地门店”|一周运动服饰圈大事件,https://mp.weixin.qq.com/s/GeZHMY28ImHngHiE3O260Q
18,与其成为“第二个胖东来”，永辉超市不如“走自己的路”｜财报观察,https://mp.weixin.qq.com/s/eFv55GZD3A0vv-MmrrrbpQ
19,百雀羚进军医美赛道；资生堂因关税申报违规被罚；欧莱雅关停两韩妆品牌|美妆圈一周大事件,https://mp.weixin.qq.com/s/dM_vouuPBfaxXkBM4Ldhqg
20,龚俊代言Roye若也；于适代言朵朵棉；BONELESS携手蔡徐坤|一周代言人盘点,https://mp.weixin.qq.com/s/zTa3uJ3K1jOnLdy9KcTmbg
21,LABUBU将推迷你版；闲鱼华南首家循环商店落地深圳；阅文集团2025年上半年业绩显著增长|一周谷子潮玩圈大事件,https://mp.weixin.qq.com/s/qFOxvRIbgSrcqd6sgizTQw
22,茉莉奶白联名Loopy；奈雪的茶携手如鸢；麦当劳防弹少年团时隔四年再度合作|一周IP联名盘点,https://mp.weixin.qq.com/s/0PUdVxphpqKEDhyPDU5UPg
23,农夫山泉的“长期主义胜利”：十年，等来一个百亿茶饮业务 | 财报观察,https://mp.weixin.qq.com/s/k_0g9k2fbgHmKy7fHnF0pg
24,海底捞“不务正业”简史：从火锅一哥到“整活”狂魔,https://mp.weixin.qq.com/s/YRYjMTQs8wE8-soQ-68Gxw
25,恋缩时代降临，品牌七夕如何“过情关”？,https://mp.weixin.qq.com/s/scyqz-gKYdPf_wb1abpr8Q
26,美团“快乐猴”硬折扣超市杭州首店；可口可乐或折价出售Costa咖啡；喜茶试水拼好饭｜茶饮食品圈一周大事件,https://mp.weixin.qq.com/s/m_1wutZ9qGKNCx3c_Wm4-w
27,外卖大战第一轮复盘：阿里士气回归与蒋凡的立威之战｜财报观察,https://mp.weixin.qq.com/s/nXHiIkzrtQxeZlxKtC6YSQ
28,中国咖啡营销战：四个关键人物与三种打法,https://mp.weixin.qq.com/s/iXM6r8VWP1Qfbw2pnXCMdg
29,LABUBU迷你版发售引爆炒作风潮；宝可梦官方卡牌道馆广州开业；中网与Letsvan奇梦岛达成合作|一周谷子潮玩圈大事件,https://mp.weixin.qq.com/s/kK29L2-vdKlGLT6yvP_elw
30,波司登、安踏竞购加拿大鹅；可隆取代凯乐石成攀岩国家队新赞助商；361°千家门店上线美团|一周运动服饰圈大事件,https://mp.weixin.qq.com/s/6vFA22vgwzJf4_AEDxxYZQ
31,宝格丽官宣张元英；章若楠携手纪梵希；王楚钦代言清扬|一周代言人盘点,https://mp.weixin.qq.com/s/l0qgM5036FiCc29fJp_DaA
32,美妆联名回潮，但一半以上都是无效投入？| 2025美妆联名盘点,https://mp.weixin.qq.com/s/cl94_RzPDtcxTWi5JlTYZg
33,深度解析珀莱雅新任“掌门人”：侯亚孟组了一支怎样的队伍？,https://mp.weixin.qq.com/s/ao9xqUonnnLhJqvMo9u3Mg
34,珀莱雅战略投资花知晓；香奈儿中国强制裁员千人；上美股份营收利润双增|一周美妆圈大事件,https://mp.weixin.qq.com/s/B-dE1OrgMCvwBJODvUBKkQ
35,揭秘八马“高端”茶：50%贴牌代工，研发费用不足0.4%,https://mp.weixin.qq.com/s/r8F9uWr0D1cmGwKisjn4hw
36,柠季联名初音未来；林里联名不良人；霸王茶姬携手周生生“送金片”｜一周IP联名盘点,https://mp.weixin.qq.com/s/OG83QJNph8Ug3THEPpwkuA
37,番茄小说勇闯“谷圈”,https://mp.weixin.qq.com/s/wHFmhOh7pC2xWlAtRXooMA
38,乐刻运动签约国家举重队；耐克前高管出任Crocs新任CFO；Alo进军奢侈手袋市场｜一周运动服饰圈大事件,https://mp.weixin.qq.com/s/XWGhAQUpXgS4IdHdq3PA6A
39,Jellycat上海快闪店黄牛炒门票；TOP TOY日本首店开业；暑期档电影衍生品销售火爆|一周谷子潮玩圈大事件,https://mp.weixin.qq.com/s/5sw4a8fs_MR-KYP_G4BMWA
40,肯德基做轻食；海底捞卖甜品；香飘飘即饮业务首超冲泡产品|茶饮食品圈一周大事件,https://mp.weixin.qq.com/s/OYmJiE3F818KDh545VMD5g
41,赵燕的二次创业：“华熙生物永远在做最难、最苦、最傻的事”,https://mp.weixin.qq.com/s/QeEbjCnaJjJ9m-R6HgCSwQ
42,每瓶399元，邓紫棋代言，29度五粮液年轻人买账吗？,https://mp.weixin.qq.com/s/TPYcYLZzEI_LkAq9qLdVDg
43,为什么苹果今年愿意给标准版 iPhone 加高刷？,https://mp.weixin.qq.com/s/hit5NaVQWm_7-_tSwUiakQ
44,登上抖音男士护肤Top 1，海洋至尊为什么？｜品牌深壹度,https://mp.weixin.qq.com/s/EgFSHqgDtXODDlzWRb-J6g
45,“浙BA”背后的爆款制造机，橙狮体育如何用赛事点燃城市的烟火气？,https://mp.weixin.qq.com/s/MfIv0BGzntBoN-ZZnRmLZQ
46,鸣鸣很忙门店总数突破20000家；海底捞沃尔玛开社区店；霸王茶姬菲律宾三店同开｜茶饮食品圈一周大事件,https://mp.weixin.qq.com/s/tGkXHO_j-_pMFQ7ER9TdOw
47,2025明星带货力排行榜：从肖战、成毅到孙颖莎、王楚钦，谁是当下“真顶流”？,https://mp.weixin.qq.com/s/B3KldBKIdkHWJ9iueGmqGg
48,张新成携手一汽大众；倪妮代言凯迪拉克；大张伟携手极狐|一周代言人盘点,https://mp.weixin.qq.com/s/pIZLK7wxnqocwob2hay0Dw
49,失守中国奥委会赞助后，安踏军团从赛场包围领奖台,https://mp.weixin.qq.com/s/TzbUD3ADW6swaQgUsu5T6A
50,NIKE更新品牌口号“Why Do It”；始祖鸟任命Crocs前高管掌舵全球鞋履业务|一周运动服饰圈大事件,https://mp.weixin.qq.com/s/RpdLuvmJqRrHbC7z2oEprw
51,东边野兽入驻丝芙兰；范冰冰美妆品牌进驻马来西亚屈臣氏；薇诺娜借《巴黎合伙人》开设快闪｜美妆圈一周大事件,https://mp.weixin.qq.com/s/49hkxigkg6XQgZ8n0Khu9g
52,兔头妈妈携手《疯狂动物城》；KFC联动《大闹天宫》；奈雪的茶联动《哈利·波特》｜一周IP联名盘点,https://mp.weixin.qq.com/s/OQlqBB9w92a6xBlwvEqUlg
53,迪士尼中国举办2026消费品部启动大会；LABUBU二手价暴跌；贪玩获加菲猫家族IP独家授权｜一周谷子潮玩圈大事件,https://mp.weixin.qq.com/s/BTTS8uscSbRPRIYBI1VTCA
54,逐本创始人刘倩菲：美妆行业“卷效率”，逐本选择“卷模式” | 品牌深壹度,https://mp.weixin.qq.com/s/BdOOTH0N06NU1b7eqY4FHg
55,太二酸菜鱼半年关闭76家门店；蒙牛前总裁卢敏放加盟云峰基金；美团“快乐猴”13天连开二店｜茶饮食品圈一周大事件,https://mp.weixin.qq.com/s/1aHB_jBBdaoQZRkwy75FDQ
56,安踏高压反腐辞退74人；阿迪达斯与奥迪F1车队合作；萨洛蒙发布柴古唐斯十周年胶囊系列 | 一周运动服饰圈大事件,https://mp.weixin.qq.com/s/CmPAXC5MaZk2Guo9VQ6tsA
57,对话野人先生：“拒绝隔夜”写门头，0融资扛15年，借新茶饮红利破局｜品牌深壹度,https://mp.weixin.qq.com/s/hjZVSzGATDGKSDLgWNvEcg
58,Angelababy升任骆驼品牌代言人；景甜携手花西子；樊振东再代言Clinique倩碧｜一周代言人盘点,https://mp.weixin.qq.com/s/P_8aW4Rv1m5339GVAlplgQ
59,签下谢霆锋张震岳，但安德玛户外只是中国代理商的一场“快钱游戏”？,https://mp.weixin.qq.com/s/bm6c9JBBzHhz1i35Bchgqg
60,颖通旗下“拾氛气盒”加速扩张；观夏开设香港首店；巴黎世家复刻78年前首款香水｜美妆圈一周大事件,https://mp.weixin.qq.com/s/lRAS4GjtLht5WowAFwthpA
61,锚定成都“年轻力”，快手超级夏晚用三重创新，讲了一个“我们”的故事,https://mp.weixin.qq.com/s/Gp6XWtGbioeWYmk5mAHVCg
62,茉莉奶白联名上美影；奈雪的茶携手三角洲行动；瑞幸携手《崩坏：星穹铁道》|一周IP联名盘点,https://mp.weixin.qq.com/s/4_4PtNu7j5HaWBtPmCjz8Q
63,杨幂携手Jellycat；丁禹兮接替Champion代言人；樊振东再添两代言|一周代言人盘点,https://mp.weixin.qq.com/s/_j55-oy4xqLRXISFXciT5A
64,《阴阳师》九周年礼盒预售即破发；Labubu联名奢侈品；爱奇艺跨界卡牌半年销售额破亿|一周谷子潮玩大事件,https://mp.weixin.qq.com/s/mZZp45nTRmuO-ozyrYbifg
65,从IP打造说起，“惊彩”环球为何能成为北方秋季顶流打卡地？,https://mp.weixin.qq.com/s/VFkfXhbQfQyKbQ41L0zJSQ
66,麦当劳联名《黑神话》；肯德基联名《哪吒2》；科颜氏联名星星人｜一周IP联名盘点,https://mp.weixin.qq.com/s/1DusdGMOQV0GH0jABBrbWw
67,京东医美首开独立门店；小奥汀2克腮红249元；华晨宇跨界美妆|美妆圈一周大事件,https://mp.weixin.qq.com/s/CxscwxDtSO28K8Fl1eQpkw
68,快手 X 蜜雪冰城，一场出人意料的联名是怎么诞生的？,https://mp.weixin.qq.com/s/dG54lm-byZ0bE7ykMj_uhA
69,重用「明星」，狠抓「渠道」：美妆品牌“不强则死”｜上半年财报观察,https://mp.weixin.qq.com/s/8eWUZ2odF4wi-JVxVUGvaw
70,左手ROSÉ，右手HYROX，PUMA中国能跑赢全球颓势吗？,https://mp.weixin.qq.com/s/QsPKBdtIgBOlS_f_VKVWSA
71,一场炸山危机，让始祖鸟的奢侈品化转型阵痛藏不住了,https://mp.weixin.qq.com/s/IRuFf_XMUTOP0V985KcWPw
72,百果园折价募资超3亿港元偿债；蜜雪冰城回应柠檬水断货；水獭吨吨上新“东方轻乳茶” |茶饮食品圈一周大事件,https://mp.weixin.qq.com/s/2QcA6er8tzZYlo9kJbq9Dw
73,超1万名创作者齐聚，「2025抖音创作者大会」如何托举创作、为好内容输血？,https://mp.weixin.qq.com/s/i5rQFNxhQBIQ3f1YS4RBEQ
74,瑞幸联名猫和老鼠；茉莉奶白联名Loopy；奈雪的茶联名罗小黑|一周IP联名盘点,https://mp.weixin.qq.com/s/K47jsfbmqDxAiYTZ3nxSkg
75,一汽大众、伊利试水AIGC营销，超53%的广告主开始为“效率革命”买单 | 营销观察,https://mp.weixin.qq.com/s/aq2Dsi9cTfQ_FQJF8dtFng
76,肖战代言美团团购；成毅代言GAP中国；徐明浩携手尊尼获加耀澄|一周代言人盘点,https://mp.weixin.qq.com/s/-zuTz5nR7Q2X8yjrff3-9Q
77,关停C2C、All in“官方验”，「转转」十年间的减法与增量,https://mp.weixin.qq.com/s/0BX6p0qooX605TtWz-eVIg
78,从 “拒绝代言” 到签约易烊千玺，理想汽车借力明星代言走出转型低谷？,https://mp.weixin.qq.com/s/2GfFj1G2mUkBfo_phl8jYA
79,卷成红海的3C数码赛道，品牌营销如何突围？,https://mp.weixin.qq.com/s/hWhNqYeLT91smB8NGGTSjA
80,Chiikawa内地首店登陆上海; Hitcard推进上市进程; 阿里巴巴投资潮玩品牌AYOR TOYS|一周谷子潮玩圈大事件,https://mp.weixin.qq.com/s/lukk09t0fW-CB-IY1xRD8A
81,小米高端化执念：小米17发布会，雷军提了37次苹果,https://mp.weixin.qq.com/s/HeKF8LsbvMEkchjK6qARgg
82,LVMH完成对Moncler间接投资；迪卡侬联手天猫升级即时零售；Lululemon增长失速|一周运动服饰圈大事件,https://mp.weixin.qq.com/s/xqwDxNUzF_xhRosAYHKIdg
83,“厦门帮”求生记：豪掷500万招CMO，服务药企卖到百亿,https://mp.weixin.qq.com/s/0p6hzKLiou7ENSFBCB-NDg
84,TOP TOY冲刺上市：大店+海外+收购IP+明星营销，托起一个“潮玩大超市”,https://mp.weixin.qq.com/s/Hw2N8k5lmR3xUD2ajJ4r3g
85,00后创作者在抖音重新定义爆款,https://mp.weixin.qq.com/s/tOPwWO9FNJM3rZw4um94AQ
86,GAP中国两年半“自救”上岸：签约成毅、全渠道“刷分”、全国拓店,https://mp.weixin.qq.com/s/lznBdCSTTzAC3dLnIGB-lg
87,LABUBU大阪世博会吉祥物联名引爆市场；中网奇梦岛联名潮玩上架即售罄；蜜雪冰城首推卡牌|一周谷子潮玩圈大事件,https://mp.weixin.qq.com/s/uaWLSimDLkwQ542nPg5Nyw
88,国庆热卖，始祖鸟的环保危机就这么过去了？,https://mp.weixin.qq.com/s/Q3XzVpC-8HAQa8bw3gxZpw
89,露华浓任命雅诗兰黛原高管；LVMH美妆孵化器首度出售品牌；欧莱雅被曝仅有意收购阿玛尼美妆业务|一周美妆圈大事件,https://mp.weixin.qq.com/s/nUlS4ZeMcYHBKcR1l4I_lA
90,李宁携手肖战推“故宫百年”系列；红杉中国拟收购Golden Goose；PUMA与HYROX续约｜一周运动服饰圈大事件,https://mp.weixin.qq.com/s/oakV5AyVm08HIz79xfEWpQ
91,星巴克全球收缩；太二酸菜鱼预制菜进驻山姆；拼多多测试订餐服务|一周茶饮食品圈大事件,https://mp.weixin.qq.com/s/KlT2cdu3Z9WIRU8bd6JDaA
92,584万年轻人围观“汉堡压月饼”，月饼“求生战”转向健康与宠物,https://mp.weixin.qq.com/s/8fpgJxrBlEjp4MjF26DuiA
93,蜜雪冰城重庆开超1000平米旗舰店；光明乳业12亿出售新西兰亏损资产；达美乐中国前三季度净增275门店｜一周茶饮食品圈大事件,https://mp.weixin.qq.com/s/E24iOKlLgdxm2lNxxfUrRg
94,未来已来？荣耀ROBOT PHONE与它的AI手机价值观,https://mp.weixin.qq.com/s/IZ715ATr-buBwq33mM6q_g
95,拒绝内卷，vivo靠“演唱会女孩”突围,https://mp.weixin.qq.com/s/pt40nhi6AhVZzbNgUvAfkg
96,遭遇“身份危机”，从瑜伽裤到全品类的 lululemon 急需一个新人设,https://mp.weixin.qq.com/s/-CTucLyelQ1trQ49nqVZQA
97,那艺娜、CP粉、语音厅…好望水给饮料营销上了一堂“流量敏感”课,https://mp.weixin.qq.com/s/jew_aUlbsv49u5H9msNyfg
98,Nike与周杰伦主理品牌合作；Vuori在三里屯开店；喜马拉雅烟花秀事件调查结果公布|一周运动服饰圈大事件,https://mp.weixin.qq.com/s/9rSbifsPKRZHGdHsgCBHcg
99,Pocket 3直降900，大疆的“危机感”从何而来？,https://mp.weixin.qq.com/s/w5aXVxy2TNVoGjjPLIIgGg
100,双十一前夜，李佳琦们带领国货美妆在巴黎完成“品牌路演”,https://mp.weixin.qq.com/s/CtwPK9nxqtd1i4REtEdCZA
101,林俊杰代言王者荣耀；杨幂代言SIINSIIN；孙颖莎携手香飘飘｜一周代言人盘点,https://mp.weixin.qq.com/s/sPZExo6eIkgOdSs83IkQFA
102,必胜客联名鬼灭之刃；肯德基联动无限暖暖；瑞幸携手王者荣耀十周年|一周IP联名盘点,https://mp.weixin.qq.com/s/SEwj7rHjgpU_xRHDhenqgA
103,膜法世家合作虚拟偶像T.萨满；毛戈平市值跃居国货美妆榜首；敷尔佳上半年净利暴跌33%｜一周美妆圈大事件,https://mp.weixin.qq.com/s/i6nOUoEQcrhJnlraXbpRiw
104,名创优品登陆巴黎时装周；LABUBU iPhone联动；灵犀智能发布星座AI潮玩｜一周谷子潮玩圈大事件,https://mp.weixin.qq.com/s/gDG15BA8ny4nGvNjBdoS5A
105,京东七鲜首创“24小时菜”；香飘飘全国首店落户杭州；洪九果品面临港交所退市裁定｜一周茶饮食品圈大事件,https://mp.weixin.qq.com/s/6D8BPrc-pbjDwaWQDXnJHQ
106,拆解京东“电玩惊喜日”，全明星矩阵如何打响双11首战？,https://mp.weixin.qq.com/s/wnYVwIOJQtijVgryvSD_GA
107,“水果第一股”的坠落：洪九果品从600亿市值到强制退市警示录,https://mp.weixin.qq.com/s/KYbKIIn3OhLzBLW9CrnegQ
108,若羽臣港股IPO背后：卖爆的绽家与“没听过”的消费者,https://mp.weixin.qq.com/s/R47ZHlaW-rbzRxFMK1TWtQ
109,赛事聚焦、话题发酵，体育营销走向「全民化」,https://mp.weixin.qq.com/s/NGA1Sj-GELr4gvZ-ISU7DQ
110,杨幂代言背背佳；刘宇宁携手京东；孙颖莎代言+2｜一周代言人盘点,https://mp.weixin.qq.com/s/WgMMIXOJqaastbLUGcqaUg
111,库迪携手英雄联盟；茶百道联名黄油相机；肯德基联名《间谍过家家》|一周IP联名盘点,https://mp.weixin.qq.com/s/wbmfG0iDbaIKuPzSAjcTUQ
112,36天“超长大促”静悄悄？LTV、AI、出海、即时零售是4个新战场,https://mp.weixin.qq.com/s/gC8mcBZy1MOP-MYvzCB4KA
113,拍月亮变“P月亮”，当手机摄影被AI算法入侵,https://mp.weixin.qq.com/s/qhYhEZM-RC7y6YszvVKbkg
114,飞鹤重启“中国宝宝”战略，能否挽回消费者“老化的信任”？,https://mp.weixin.qq.com/s/1KwAQ3vGQwCRMh5P2F6dzw
115,丸美旗下春纪全线退场；菲婷丝再度暂停IPO；花知晓首尔快闪引爆排队潮|一周美妆圈大事件,https://mp.weixin.qq.com/s/i9hv5rft21FN0PKG_jFgww
116,优衣库联名疯狂动物城；古茗联名蜡笔小新；瑞幸携手VOGUE｜一周IP联名盘点,https://mp.weixin.qq.com/s/Y7CmZLLTCCHBEh4g1hS4ow
117,MINISO LAND出海、发力自有IP，名创优品如何腾笼换鸟？｜曼谷现场直击,https://mp.weixin.qq.com/s/ZAichyuQmBb65_zhlxnfog
118,影视飓风把T恤卖爆20万单，一场Tim的「自媒体上限探索实验」,https://mp.weixin.qq.com/s/et7x5bn9pdF-Yh3tuvhn_w
119,骆驼官宣迪丽热巴；企鹅官宣Angelababy；杨幂代言凯度｜一周代言人盘点,https://mp.weixin.qq.com/s/J01ny0BCHOlOG9Sv9rK1fg
120,Norrøna线上线下同步开店；特步李宁鸿星尔克入驻美团闪购；阿迪达斯Q3创新高｜一周运动服饰圈大事件,https://mp.weixin.qq.com/s/NvHahyDdMC6nUg3AVpnTPg
121,窗帘产业带的转型样本：直播间里，藏着600家门店的增长密码,https://mp.weixin.qq.com/s/usZlAfNrGzYu3aSGDxWHwA
122,京东「造车」，一场轻资产模式对传统汽车业的叩问,https://mp.weixin.qq.com/s/eGZUhQDHigjlJuftXsi_mQ
123,性能是标配，羽绒服卷向「时尚单品」｜消费观察,https://mp.weixin.qq.com/s/NtyArYSxdkJW2O5Y3EXMnA
124,郑钦文孙颖莎谁更吸金？| 体育明星商业价值排行,https://mp.weixin.qq.com/s/So3OIzZRUIu1UE1jpbjUlw
125,虚拟偶像迎来AI时刻：从“烧钱”到“生钱”的跨越,https://mp.weixin.qq.com/s/Z9AAOyYOqqEwcu_qQy842g
126,封关前三亚的最大盛会，凭什么是无忧之夜？,https://mp.weixin.qq.com/s/atNI9QvuxWLH4EQIyYYhIQ
127,辛芷蕾官宣鄂尔多斯；孙颖莎代言Keep；龚俊代言自然堂｜一周代言人盘点,https://mp.weixin.qq.com/s/V6UH7zmXTDkTwmLIxPSNdw
128,苹果与F1达成独家转播合作；威富集团Q2营收超预期；滔搏业绩承压下转型；|一周运动服饰圈大事件,https://mp.weixin.qq.com/s/iGcLCPWUIT6YWdLX8yJj7g
129,名创优品海外首家MINISO LAND；泡泡玛特中东首店；奥飞娱乐前三季度业绩下滑｜一周谷子潮玩圈大事件,https://mp.weixin.qq.com/s/ng7nqDh0fL_q_5DC6IsDYQ
130,瑞幸联名鬼灭之刃；必胜客联动炉石传说；茶百道联名天地剑心｜一周IP联名盘点,https://mp.weixin.qq.com/s/Zqrv77V9TSEszgvgyz0-Iw
131,淘宝闪购双11首次参战；支付宝首页新增“高德团购”入口；奈雪生活全国首店关闭｜一周茶饮食品圈大事件,https://mp.weixin.qq.com/s/cdd47dCnD_abTYtmsM1aGA
132,梓渝引爆2亿GMV、杨幂穿背背佳上热搜，杨颖代言企鹅引争议，谁是双十一有效代言？,https://mp.weixin.qq.com/s/n_6-T1OGGqQ-_PjW93wRig
133,谷雨六天两笔战略投资；雅诗兰黛业绩强势反弹；爱马仕最早于2028年推护肤品｜一周美妆圈大事件,https://mp.weixin.qq.com/s/L5GEDW9sORVnVyudg0eu6g
134,星巴克中国出让控股权；汉堡王中国控股权争夺； 杨国福回应“天价豆芽”|一周茶饮食品圈大事件,https://mp.weixin.qq.com/s/46JKf_5iYmkSuZMgwjeFmQ
135,金山办公入选福布斯中国出海全球化TOP30 三季度WPS 365业务收入同比增超71%,https://mp.weixin.qq.com/s/c_cA7oT9dmodyWjxTit4Zg
136,五大品牌矩阵，230+授权专利，多项产品领跑双十一，自然堂做对了什么？｜品牌深壹度,https://mp.weixin.qq.com/s/Vg6bCm7taRhQaYki0NOX3w
137,突发 | 星巴克中国出售60%股权给博裕资本，后者4月刚买下“中国店王”SKP,https://mp.weixin.qq.com/s/2QGwqyEV6YTmopc-gju8tA
138,明星直播翻车竟让品牌买单？self-portrait 的 “流量赌输” 现场,https://mp.weixin.qq.com/s/NZEWcc1F_gf0DK279rs73w
139,彪马裁员900人；耐克加码女性市场；比音勒芬增收不增利|一周运动服饰圈大事件,https://mp.weixin.qq.com/s/0LQoHV0H__x2aSUKl3L0fQ
140,东哥的饭，七鲜的局：一条朋友圈如何引爆品牌与销量？,https://mp.weixin.qq.com/s/1pyutw3WAzJVRJhpP2pcNw
141,把自己作为方法：“厂二代”创新店播，“包包大王”穿搭圈粉,https://mp.weixin.qq.com/s/GMnyf3BcFyU94JA6ua2MKQ
142,撕裂的舆论背后，全嘻嘻如何「踩着争议」收获500万粉丝？,https://mp.weixin.qq.com/s/nhhr092-leFux2PcEq7uDA
143,丸美因财务不规范遭警示；雅诗兰黛联名王者荣耀十周年；方玉友入股LVMH关联基金 ｜一周美妆圈大事件,https://mp.weixin.qq.com/s/Xe12w0HphaTjcKVjp_rUXw
144,汉堡王中国易主CPE源峰；百胜中国Q3经营利润创新高；农夫山泉怡宝切入即饮咖啡市场｜一周茶饮食品圈大事件,https://mp.weixin.qq.com/s/5ZhbCu7URr5o0w2qaqZecA
145,社媒没声，电商卖爆，FILA双11靠网球高尔夫翻身？,https://mp.weixin.qq.com/s/x10ihC_U_mHcfK4cx3RJNQ
146,泡泡玛特直播事故；沃尔玛出台卡牌限购令；宝可梦官方卡牌道馆落户上海五角场｜一周谷子潮玩圈大事件,https://mp.weixin.qq.com/s/D2d0ZXOfVb4zlWLNPPGf7w
147,拖欠广告费却高喊“平替始祖鸟”，美特斯邦威这场转型到底栽在哪？,https://mp.weixin.qq.com/s/5reEEPNDk7hPS6TiJh6UFQ
148,安踏高管轮换大棋：姚剑拓欧，马磊救火，千亿帝国寻新舵手,https://mp.weixin.qq.com/s/4wLm_hJ9tuC_8bA7QKl5mw
149,手机厂商入场，能治好AI潮玩的“人工智障”吗？,https://mp.weixin.qq.com/s/Zy06-MIqUdI0XKeYs2Y1CQ
150,库迪联名柯南；熊喵来了联动上美影；林里携手康师傅｜一周IP联名盘点,https://mp.weixin.qq.com/s/trka_hzGSFaaM5Q0_BvWUA
151,蔡徐坤代言慕拉得；吴磊官宣迪桑特；于适携手上海滩｜一周代言人盘点,https://mp.weixin.qq.com/s/21lLxhMXx8b4BS3gsypNrg
152,持续缺货，供不应求，AI眼镜迎来“iPhone时刻”了么？｜对谈Rokid,https://mp.weixin.qq.com/s/2f5kxL4jMTRz18-VyenYaQ
153,京东推出外卖独立APP；遇见小面冲刺“中式面馆第一股”；柠檬向右“向佐向右”一日店长活动破圈｜一周茶饮食品圈大事件,https://mp.weixin.qq.com/s/xO0pQaR7t7cndrti0hzbTw
154,藏在双11购物车里的消费态度：为悦己消费、为价值买单,https://mp.weixin.qq.com/s/EsLYToVIqF51L5yvjJwfIg
155,直播首秀超千万、成助农模版：李福贵如何成为「助农顶流」？,https://mp.weixin.qq.com/s/Psv7atO3W6JoWJNsygry9Q
156,60万代言费撬动1200万GMV，花间颂如何靠小明星拿下大生意？| 代言人观察,https://mp.weixin.qq.com/s/Nk-kOnbsrbvk2zrC_JIJMw
157,汉堡王、Costa、哈根达斯：国际消费品牌批量迎来「中国资本」买家,https://mp.weixin.qq.com/s/wop6narRoHCNAU56ZOwQlg
158,麦当劳、瑞幸、百事、优衣库等联名疯狂动物城2｜一周IP联名盘点,https://mp.weixin.qq.com/s/KQDRGYnOfURhPZjrLf9dLA
159,侯明昊代言欧拉；杨超越代言蓝月亮；王楚钦奔驰新title｜一周代言人盘点,https://mp.weixin.qq.com/s/_QMFUOqgm9SbSFfHM6AwsQ
160,加拿大鹅直营业务连续三季度增长；昂跑亚太地区Q3增长109.2%；李宁升级冠名羽超联赛｜一周运动服饰圈大事件,https://mp.weixin.qq.com/s/A-2mkCXjDYh3w3peFBaDrw
161,巨星传奇股价飙升；OHKU成黑马领跑品牌出海；迪士尼发布Q4财报｜一周谷子潮玩圈大事件,https://mp.weixin.qq.com/s/EQW5O-99qfMmYPDPSJcpNg
162,10万商家涌入，罗永浩之后，百度开始“批量制造”超级主播,https://mp.weixin.qq.com/s/W764hM3MOUA6eTmpDcPFDA
163,定制喜帖成硬通货，喜茶这波低成本狂欢怎么就火了？,https://mp.weixin.qq.com/s/bVdQryDzpiLF6zHYG6g3IQ
164,欧莱雅斥资4.91亿扩产香水；美丽田园4000万收购19店；蔓迪国际冲刺“防脱第一股”｜美妆圈一周大事件,https://mp.weixin.qq.com/s/_FnSo-tDS9rgFGuSRGNo5w
165,昂跑在中国狂奔，它是“下一个Lululemon”？,https://mp.weixin.qq.com/s/0YLS-hprxPnixdfffvQi1A
166,王一博升任UGG全球代言人；张艺兴官宣支付宝双title；LV官宣卢昱晓｜一周代言人盘点,https://mp.weixin.qq.com/s/_RnFYu8nqL7EzPz_aFPHeg
167,丸美赴港上市；资生堂前三季度巨亏15亿；Champion携手露华浓进军香氛市场｜一周美妆圈大事件,https://mp.weixin.qq.com/s/nDKqnG4s179QHiuo4pff8Q
168,库里与安德玛结束12年合作；SKIMS完成2.25亿美元融资；亚瑟士前三季度营收287亿元创新高｜一周运动服饰圈大事件,https://mp.weixin.qq.com/s/1W39Dyd-3mIkObQmlVdnWQ
169,Rays潮玩甜玉米单品卖出2000万：田栩宁、梓渝CP粉比唯粉更努力？| 明星营销观察,https://mp.weixin.qq.com/s/tyTHepGvg55zKsAdHRgNng
170,瑞幸3个月花掉28.9亿外卖费，被外卖战“偷”走奶酪？,https://mp.weixin.qq.com/s/pRhUSMXAGxIhXmGVelWbeg
171,茉酸奶联名史努比；必胜客联动《道诡异仙》；茉莉奶白联动《偶像梦幻祭2》｜一周IP联名盘点,https://mp.weixin.qq.com/s/kMx_l-mGrOMTVrHmE0LQkA
172,全球首个宝可梦户外常设乐园预计开业 ；Labubu或将改编电影；三丽鸥业绩强劲增长｜一周谷子潮玩圈大事件,https://mp.weixin.qq.com/s/F3DxPUMp0RLb1fwfOUEZ4Q
173,只待新雷！娱乐资本论 CEIS 2026暨「金河豚」荣誉推选正式启动,https://mp.weixin.qq.com/s/fZEV-n_RlAX97iugkM3PCg
174,4.99万换电新车正式交付，是谁在买“京东国民好车”？,https://mp.weixin.qq.com/s/f2SzXqgMoUHu9SBBl1nMRQ
175,标配8000mAh电池，荣耀500掀起“体验升维”革命,https://mp.weixin.qq.com/s/MLmIQkFF3aUcb8wYVsuBXA
176,数十位明星下场背书，口服麦角硫因是抗老黑科技还是消费陷阱？,https://mp.weixin.qq.com/s/lMb19CARty-UGgdOc191WA
177,伊利官宣张兴朝；鞠婧祎代言鸭鸭；车代扎堆官宣｜一周代言人盘点,https://mp.weixin.qq.com/s/LHwhowLpLeJXfZBIMI0HpQ
178,华为京东推出AI玩具；《疯狂动物城2》持续释放IP价值；高达基地旗舰店布局成都｜一周谷子潮玩圈大事件,https://mp.weixin.qq.com/s/d42vMrlvvK2oKYAeNy-ygw
179,中国咖啡不只有瑞幸，两个云南品牌在拼多多的升级之路,https://mp.weixin.qq.com/s/iz9_GXBH7SukUEz-X9BXUg
180,即时零售下半场，争夺“中国胃”,https://mp.weixin.qq.com/s/B-dZ3ZfxzwilZbA9vh1AQw
181,亚玛芬体育Q3营收增长30%；On昂跑推出“声音陪跑”播客；lululemon高层人事变动｜一周运动服饰圈大事件,https://mp.weixin.qq.com/s/UqZEabdjRzIbI-jGnQUpoQ
182,茶颜悦色咖啡全渠道扩张；元气森林剥离北海牧场；三只松鼠回应“鼠式花名”｜一周茶饮食品圈大事件,https://mp.weixin.qq.com/s/iWm5M0mv-2Tzpd5oh6uHwQ
183,安踏再传收购PUMA；李宁户外首店；Nike ACG加速独立运营｜运动服饰圈一周大事件,https://mp.weixin.qq.com/s/POJ5s3OdVMQyRVaScKhQCA
184,女性、色彩与鞋履：亚玛芬能否再造一个「始祖鸟」？,https://mp.weixin.qq.com/s/Mk-vkYluCI0NDgHyxWT3PQ
185,比音勒芬，去“登味”进行时,https://mp.weixin.qq.com/s/4R_VS1SLx_xTgT_Pogr2ZQ
186,屈臣氏计划港股上市；HBN被传启动上市；雅诗兰黛考虑出售蒂佳婷并再度裁员｜美妆圈一周大事件,https://mp.weixin.qq.com/s/dSnmo4OXdF_W8E0FabMGLw
187,肯德基官宣宝可梦；麦当劳官宣飞天小女警；汉堡王联动海绵宝宝｜一周IP联名盘点,https://mp.weixin.qq.com/s/4676uOEQX_EnGh_i81SV6g
188,「烟火气」与「娱乐圈」跨界联动，大批「烟火小店」在抖音收获新增长,https://mp.weixin.qq.com/s/10FBJN08dL8sJfX9PUdA6A
189,新茶饮结束跑马圈地，霸王茶姬给出存量时代的增长法则,https://mp.weixin.qq.com/s/IPNws1v351XKabQl0vXiLw
190,东娱2025年代言人营销白皮书发布：明星代言迈入4.0时代,https://mp.weixin.qq.com/s/znVufhlE7l2KSXKW2VQz8g
191,阿里美团闪购大战阶段性收官；蜜雪冰城低调测试早餐业务；山姆会员店上架薛记炒货引争议｜茶饮食品圈一周大事件,https://mp.weixin.qq.com/s/RZs_4DSiJjwJksrmICAOAg
192,泡泡玛特南京东路再开旗舰店；乐高与世界杯合作；任天堂收购万代新加坡工作室｜一周谷子潮玩圈大事件,https://mp.weixin.qq.com/s/BXQmIUJX4ozV3CkmBQ9l_g
193,股价下跌1/3，泡泡玛特打击黄牛错了吗？,https://mp.weixin.qq.com/s/Dh-VKUX80VWb-ed1EfkFTQ
194,韩国时尚电商Musinsa筹备IPO；红杉中国拟收购Golden Goose；安踏再传收购Puma｜一周运动服饰圈大事件,https://mp.weixin.qq.com/s/n_NJRFIRoghTkmpooA_ggQ
195,丸美港股遇阻；名媛名妆破产；欧莱雅集团确认将启动阿玛尼投资评估｜一周美妆圈大事件,https://mp.weixin.qq.com/s/FS_NVyj8haQri6c9BT0xNw
196,为何娱乐明星成为运动户外品牌争抢的“标配”？ ｜100家运动品牌代言大盘点,https://mp.weixin.qq.com/s/F9JIM5DalIPD7Fhh7hwajQ
197,阿迪达斯“下乡”，海澜之家当“蛇头”,https://mp.weixin.qq.com/s/bQGLdx8DiqQ-Kn9W9llIdg
198,奖项征集 | 娱乐资本论 CEIS 2026暨「金河豚」荣誉推选正式启动,https://mp.weixin.qq.com/s/AI7x54ng3iWY70wIBESLzA
199,饿了么App正式更名淘宝闪购；塔斯汀回应关店传闻；梦龙三地上市｜一周茶饮食品圈大事件,https://mp.weixin.qq.com/s/4Cm-NwQXGujnEwRcgV63Pg
200,肖战官宣欧莱雅；朱一龙携手雅诗兰黛；杨幂代言Prada｜一周代言人盘点,https://mp.weixin.qq.com/s/XZ5CiBKFt1U6xSfx7TDBzQ
201,登上双11榜单前三的裘真，如何摸着山下有松过河?,https://mp.weixin.qq.com/s/vW1eG9xsSgtq9ThYJjX68Q
202,Manner联动Kimi；乐乐茶联名花园宝宝；茶话弄携手枭起青壤｜一周IP联名盘点,https://mp.weixin.qq.com/s/f7VdMndTaPX25bpy63KYCg
203,张兴朝一条广告百万？30+品牌撒钱喜人谁输谁赢？,https://mp.weixin.qq.com/s/j4YsJhZ59jdeas3UzyMI-Q
204,人们为什么会爱上跑步？这里有轻功给出的答案,https://mp.weixin.qq.com/s/pXlzTiAtO3uBXjIa2Azfzw
205,光有IP还不够，情绪价值是关键！《疯狂动物城2》IP合作启示录,https://mp.weixin.qq.com/s/ynEGd7dNRcmOTj5PlUOS7Q
206,一边关停，一边开业：美团电商“退场”，即时零售“加码”,https://mp.weixin.qq.com/s/ad6pOVBKrCU_ab3vrxp5vQ
207,遇见小面上市即破发；挪瓦咖啡全球门店破万；瑞幸咖啡借代理模式入台｜一周茶饮食品圈大事件,https://mp.weixin.qq.com/s/4lhCfu0s_DVOvWDIuSTfeg
208,瑞幸联名小黄人；星巴克推出哈利波特魔法特调；纯享合作长安二十四计 | 一周IP联名盘点,https://mp.weixin.qq.com/s/0XDk57wmm55a2R_7FOmbDQ
209,泡泡玛特引入LV高管；高乐股份再度易主；闲鱼卡牌年度报告发布｜一周谷子潮玩圈大事件,https://mp.weixin.qq.com/s/l2g7O0gXrL4jMAWyrlEvOA
210,于适代言浪琴表；檀健次代言欧珑；任嘉伦升级浪莎全球品牌代言人｜一周代言人盘点,https://mp.weixin.qq.com/s/6UTsq6-YZie52WxqdNAbrA
211,网红韩国潮牌，只有一年保鲜期？,https://mp.weixin.qq.com/s/qOKjI_912SU0hNCzVp2nxw
212,养乐多化妆品退华；资生堂重大人事变动；花知晓登陆美国Ulta Beauty｜一周美妆圈大事件,https://mp.weixin.qq.com/s/bWhAfJOg6_-c5kKz9UwG9Q
213,雪花飘落的那一刻，转身裙摆的瞬间，vivo S50用长焦Live稳稳拿捏,https://mp.weixin.qq.com/s/rvnfvfPqXrUovcPYhfhy8Q
214,朱一龙没带火的“英国茅台”，李现“野生代言”卖断货？,https://mp.weixin.qq.com/s/vpVEtox6_vrJ5lJoJyM0Ew
215,奖项征集 | 娱乐资本论 CEIS 2026暨「金河豚」荣誉推选正式启动,https://mp.weixin.qq.com/s/NmsYA4eqYAElZ7rtxAaeTA
216,三夫户外全力押注X-BIONIC；伯希和深度绑定米兰冬奥会；MUSINSA中国首店落地上海｜一周运动服饰圈大事件,https://mp.weixin.qq.com/s/DsjvqgT0lYpNGp-2Ofd6SQ
217,对话小度AI眼镜：39g轻量化机身，如何把拍照翻译做到行业顶尖？｜品牌深壹度,https://mp.weixin.qq.com/s/hOsvzxqJSgevUI7_Zeicjg
218,Labubu与保时捷合作；卡游泰国首店开业；迪士尼与OpenAI达成十年期战略合作｜一周谷子潮玩圈大事件,https://mp.weixin.qq.com/s/vaYrPSJBMh8gv9qgkNrT_A
219,20年老牌美妆企业澳丽达破产；科蒂高层或将更迭；珀莱雅入股桦冠生物｜一周美妆圈大事件,https://mp.weixin.qq.com/s/6fZ8NSFzC6_dO4Okjc-_tQ
220,刘浩存代言韩束；单依纯代言PUMA；彩棠官宣陈都灵｜一周代言人盘点,https://mp.weixin.qq.com/s/Rkq6G31FehR-6h6x3g-JGQ
221,山姆爆火的400克女款羽绒服，打了多少商家的脸？,https://mp.weixin.qq.com/s/jHsnjWaX5ltmEHnyP-sbaw
222,喜茶联动星星人；林里联动开心消消乐；库迪推出设计师联名｜一周IP联名盘点,https://mp.weixin.qq.com/s/yylnFEeCukoQfD5TQzw8HA
223,奈雪的茶联名点赞鹅；茉莉奶白联名自嘲熊；必胜客联动高达｜一周IP联名盘点,https://mp.weixin.qq.com/s/oJMq2devj-eVrU8wAGDIvg
224,MO&Co. 官宣张曼玉；美团外卖官宣周杰伦；吴磊代言益达｜一周代言人盘点,https://mp.weixin.qq.com/s/UHkpUHCIlhUS3GELL1CKMg
225,乐乐茶致歉；袁记云饺泰国首店开业；康师傅大窑百威人事变动｜一周茶饮食品圈大事件,https://mp.weixin.qq.com/s/ZbRWKheSpJUH5Y86Y0TcPg
226,跳出液态奶内卷：2025特仑苏多元产品布局,https://mp.weixin.qq.com/s/JmUgvlVKP1WwMNUIc8ZyZw
227,达美乐来中国只赚了两年钱,https://mp.weixin.qq.com/s/hIHGpwsqhPNMI4s57xHaWw
228,年轻人争抢的“丑东西”，正在重塑IP联名逻辑,https://mp.weixin.qq.com/s/a7MdRR9jrwouaPi4aOutlw
229,26个韩妆品牌抖音GMV破亿；韩束陷禁用成分风波；九州通7亿元接盘奥园美谷｜一周美妆圈大事件,https://mp.weixin.qq.com/s/-2Kscs-eK9LQXZpiMdc12Q
230,复盘今年269次茶饮咖啡联名代言：喜茶刹车，瑞幸翻车？｜2025已回答①,https://mp.weixin.qq.com/s/phzACpmGiMhObVe-zBLw5w
231,Elliott入股Lululemon；比音勒芬解散投资合伙企业；FILA火柴棍迪桑特新店｜一周运动服饰圈大事件,https://mp.weixin.qq.com/s/-k9u1plvWtkwOVbwqrL0ag
232,索尼收购花生漫画；华盛旗下长荣玩具停产；奇梦岛全国首店落地北京｜一周谷子潮玩圈大事件,https://mp.weixin.qq.com/s/EHj-TWJoeRsygUiiGCn34Q
233,金河豚，「首轮入围」名单揭晓,https://mp.weixin.qq.com/s/7snLVGWihuGl22cQxshuCQ
234,10位新锐博主逆势走红，2026年创作者还有哪些机会？| 2025已回答②,https://mp.weixin.qq.com/s/ucvZ1Sr4mhsOKV1GgvK5Hw
235,金河豚，「首轮入围」名单揭晓,https://mp.weixin.qq.com/s/or3cfBQiuX_D05SxCxWjhA
236,对话库迪咖啡：从《哪吒2》到非遗云锦，IP联名核心是“让人感觉到被尊重”,https://mp.weixin.qq.com/s/Z6-FTbVafvYZLFNfSp96TA
237,剁椒Spicy的2025：9个10W+背后，我们从「情绪沸点」抵达「产业冰点」,https://mp.weixin.qq.com/s/p4E077VLQr6To7coeeplUA
238,洪九果品港交所正式除牌；李宁“宁咖啡”落地王府井；京东正式推出独立APP“京东AI购”｜一周茶饮食品圈大事件,https://mp.weixin.qq.com/s/-JoScL6IsglzYvN90iBEgw
239,从村支书到服装主理人：中小商家们靠“AI分身”闯出百万流水,https://mp.weixin.qq.com/s/acLrij2Svu3JIYVjpRr2og
240,金河豚，「首轮入围」名单揭晓,https://mp.weixin.qq.com/s/KQ7tyw4-4k7raOjA6X1Okw
241,从「更年期」破圈、到中女健康赛道「代言人」：李静IP的公共价值跃迁,https://mp.weixin.qq.com/s/xykI2u0puYZ47U-y36fhHw
242,奥迪携手张晚意；海马体携手卢昱晓；PRADA官宣李兰迪｜一周代言人盘点,https://mp.weixin.qq.com/s/oMDKik2ka7mslC06Mz71LQ
243,乐高发布划时代智能积木系统；京东成立“变色龙业务部”；Suplay冲刺港交所｜一周谷子潮玩圈大事件,https://mp.weixin.qq.com/s/H7zDVzh_JsOfwXQFH2Anbw
244,星巴克跨界美妆；强生爽身粉致癌案被判赔110亿元；斯坦德检测冲击“美妆检测第一股”｜一周美妆圈大事件,https://mp.weixin.qq.com/s/R8cRD1leUmstRgq61IIZ8Q
245,霸王茶姬通报停业整顿涉事门店；酸奶罐罐被茉酸奶收购；元气森林进军凉茶赛道｜一周茶饮食品圈大事件,https://mp.weixin.qq.com/s/v6Nzx3ZSZjEKINZl7EZW9A
246,10元一张的卡牌撑起8000万利润，Suplay正在准备抢先敲钟,https://mp.weixin.qq.com/s/XBakMEebft4kXTV8QI18Lw
247,当抖音热梗照进现实，虚拟共鸣找到现实出口,https://mp.weixin.qq.com/s/8UsYMlx_LlSUY61_NsE6qg
248,亚朵进入“星朋友圈”，星巴克会员的含金量还在上升,https://mp.weixin.qq.com/s/H8npMuQWzAKWuLxaiQVScg
249,阿迪达斯签约苏超；耐克或考虑出售匡威；迪卡侬携手2026冬残奥会｜一周运动服饰圈大事件,https://mp.weixin.qq.com/s/yiIzlmBROcrBXyQA4gna2A
250,古迈离职、品牌换血，Nan beauty注定无法成为“下一个毛戈平”？,https://mp.weixin.qq.com/s/K58HSe4RFMBN7tp61EFXkw
251,海底捞联动一人之下；DQ联动小马宝莉；瑞星联名魔道祖师｜一周IP联名盘点,https://mp.weixin.qq.com/s/135THLNvoN9NTf_XD2jjNA
252,2026新网红运动诞生，但匹克球热不会像飞盘一样短暂,https://mp.weixin.qq.com/s/Z9NSJAPXXfreKdxY5v0Wug
253,首批17位嘉宾确认出席 CEIS 2026中国娱乐产业年会暨金河豚荣誉推选,https://mp.weixin.qq.com/s/EScnlBl4gal0CipUU9ga6Q
254,赵露思代言CHUU；杨颖代言三式；王楚钦宋祖儿title升级｜一周代言人盘点,https://mp.weixin.qq.com/s/i_bs1I6gCkiHXS_lYP6hAw
255,金河豚，「二轮入围」名单揭晓,https://mp.weixin.qq.com/s/O6enV-_tx5EjUPFGqNd2MA
256,盘点282款搪胶毛绒和它们的代言人：田栩宁梓渝侯明昊，谁能带出下一个LABUBU？｜2025已回答④,https://mp.weixin.qq.com/s/2LHWm6TJp2QCBtGu7JMyGw
257,倒计时1周，为什么你要来CEIS 2026？｜直击文娱产业4大“新风口”,https://mp.weixin.qq.com/s/J4zDt3GMtQ6rzHaMgmPSzw
258,毛戈平引入LVMH旗下基金；雅芳国际业务被1英镑甩卖；雅诗兰黛被传低价打包出售三大品牌｜一周美妆圈大事件,https://mp.weixin.qq.com/s/1l74SrvuA5AasTSZbUSMbw
259,董宇辉卖顾家沙发，单产品过亿，为什么消费者和从业者都不满？,https://mp.weixin.qq.com/s/kl8aTaP1TlphBvepugbuRA
260,谷子经济到底凉了没有？｜2025已回答③,https://mp.weixin.qq.com/s/UzqXi1K_JUqjZIPtxh6DQw
261,alo打假“失利”后，带人来上海了,https://mp.weixin.qq.com/s/15EGYKUDk6Q-UxhxvS8WNQ
262,爷爷不泡茶联名卡皮巴拉；德克士联动EVA；瑞幸咖啡魔道祖师联动第二弹｜一周IP联名盘点,https://mp.weixin.qq.com/s/gHkkmW4R8tKrJa1imJBpWw
263,倒计时5天，为什么你要来CEIS 2026？｜直击文娱产业4大“新风口”,https://mp.weixin.qq.com/s/_cC3aCBtn7ympOc5VYQspw
264,再次公布无人机销量，影石亮剑，2026与大疆的战争持续升级,https://mp.weixin.qq.com/s/cCs7rTf96_KW9HNAC9DC2A
265,金河豚，「完整入围」名单揭晓,https://mp.weixin.qq.com/s/wkuPaJymibtIL36lveiDRw
266,砸5000万授权费卖8.8元盲盒，桑尼森迪的上市故事能落地吗？,https://mp.weixin.qq.com/s/wijyJ6vgwSvHOrcifVd0Ew
267,茶颜悦色三入深圳：属于它的时代已经不再,https://mp.weixin.qq.com/s/pqc5h89D_viCDM1XPkHdSw
268,倒计时3天，为什么你要来CEIS 2026？｜直击文娱产业4大“新风口”,https://mp.weixin.qq.com/s/EyD_lFORle1PtIDCAXncJQ
269,Alo官宣进军中国市场；安踏潜在收购猛犸象；丁少翔接手MAIA ACTIVE｜一周运动服饰圈大事件,https://mp.weixin.qq.com/s/-gs1egb-hlmPEOOyWDK8Eg
270,CHUU与赵露思「双向奔赴」，但快时尚无法靠代言人起飞？,https://mp.weixin.qq.com/s/n-ZdvpUAybpiUOLOduBJ0w
271,袁记云饺冲击IPO；老乡鸡三度递表港交所；拼多多低调内测“百亿超市”｜一周茶饮食品圈大事件,https://mp.weixin.qq.com/s/ma9f85F8fDnmUoHdWBIgxg
272,杰森娱乐获数亿战略融资；桑尼森迪递表港交所；荣耀携手泡泡玛特｜一周谷子潮玩圈大事件,https://mp.weixin.qq.com/s/SXbngLMupWY7elwAgT55gA
273,倒计时1天，为什么你要来CEIS 2026？｜直击文娱产业4大“新风口”,https://mp.weixin.qq.com/s/d-ihAzHjwuyVs19BtCpnNw
274,袁记赴港IPO：4266家门店背后的“中式快餐规模化”模型,https://mp.weixin.qq.com/s/WZF-aKU7AtRvN7wh5rKWrw
275,华伦天奴美妆撤出韩国；半亩花田赴港IPO；联合利华一周内连投两印度品牌｜一周美妆圈大事件,https://mp.weixin.qq.com/s/BKG5r9kw-BbR3KrIKUHEuw
276,丁禹兮代言老凤祥；赵丽颖代言纪梵希；张凌赫代言宝格丽｜一周代言人盘点,https://mp.weixin.qq.com/s/511j61N3_wLYma35IclIwA
277,200万代言费撬动1700万转化，环大陆男演员成美妆品牌救星？,https://mp.weixin.qq.com/s/K7qgUfXeTcEUsGPdQeNjBQ
278,这酒吧要上市？别被热火朝天的一面给“骗”了,https://mp.weixin.qq.com/s/i6u2V9YvDNCBlbf39emjjQ
279,CEIS2026金河豚获选名单重磅发布,https://mp.weixin.qq.com/s/iHLBlNqmEcdHNb5mJNd6cg
280,预判2026：谷子经济主流化，娱乐营销圈层化 | CEIS2026现场实录①,https://mp.weixin.qq.com/s/VARF6O_VsE-ntneVUqccKg
281,倒计时2天，为什么你要来CEIS 2026？｜直击文娱产业4大“新风口”,https://mp.weixin.qq.com/s/IlURiHICzrrxXz5fNN4pIA
282,益禾堂联动爱马仕；瑞幸联动澳网；林里联名欢乐斗地主｜一周IP联名盘点,https://mp.weixin.qq.com/s/OeRDgmOt4qSx_3y_xYd8LQ
283,泡泡玛特股价暴涨超6%；名创优品Q3营收58亿；美泰核心代工厂扩建越南产能｜一周谷子潮玩圈大事件,https://mp.weixin.qq.com/s/itst9Q9DWaMN2rgldfz8NA
284,18亿营收9亿营销费，半亩花田靠流量能上市成功吗？,https://mp.weixin.qq.com/s/gM-iz8T5YYL_HcsTQ0-FPA
285,霸王茶姬联动天津博物馆；大润发联动蛋仔派对；肯德基联动鸣潮｜一周IP联名盘点,https://mp.weixin.qq.com/s/Kg3LOGg4IgvjVpBCIPvquQ
286,从短剧“去羞耻化”元年，到AI漫剧元年 | CEIS2026 现场实录②,https://mp.weixin.qq.com/s/EtD2-M681XBwgSuNG1_fQA
287,斩获抖音大奖，自然堂2025到底做对了什么？,https://mp.weixin.qq.com/s/I9-UeMYOhG8wOulAkacobw
288,Deckers关闭两大子品牌；Norrøna北京首店开业；安踏集团全年流水保持增长｜一周运动服饰圈大事件,https://mp.weixin.qq.com/s/c2Sh1u5mhwc4vIHePNvAIQ
289,彪马半年亏损2.5亿欧元，为何安踏仍斥资123亿入手？,https://mp.weixin.qq.com/s/HhnfLqdLxdywg_-kAESl9A
290,叮咚买菜下沉盐城；小红书与沃尔玛合作打造“玛薯店”；林里获千万融资｜一周茶饮食品圈大事件,https://mp.weixin.qq.com/s/YigilRenSXuz1_MFPqcDoA
291,欧莱雅在印度设立美妆科技中心；华伦天奴创始人去世；雅诗兰黛DW配方调整｜一周美妆圈大事件,https://mp.weixin.qq.com/s/18taA2-MR8HHK6Lm3O4a4w
292,马伊琍代言伊利；肖战代言每日鲜语；赵丽颖携手认养一头牛｜一周代言人盘点,https://mp.weixin.qq.com/s/1e6mB7rl3ofqlO2vLmsBMQ
293,FILA为何把国内最高规格门店开在西安？,https://mp.weixin.qq.com/s/iKJtMUomXRqouPoDWsVVcA
294,盐言故事出品AI漫剧《瑶灼雪恨》；原神联动杭州西湖；肯德基联动海绵宝宝 | 一周IP联名盘点,https://mp.weixin.qq.com/s/RYRq86l3Gwwxg3RJ6uXdYg
295,9块9的咖啡需要千平门店吗？,https://mp.weixin.qq.com/s/-0UoKRo3v0qh1Q-wCr0ofA
296,王一博代言飞科；田栩宁代言半亩花田；于适代言林清轩 | 一周代言人盘点,https://mp.weixin.qq.com/s/J6Y52gA7A-YycbjxPvCGAg
297,一场直播带货近亿，李亚鹏能靠“慈善”成为下一个董宇辉吗？,https://mp.weixin.qq.com/s/gbYlybFf2hAiLPouuinsnQ
298,对话一线操盘手：玩梗就火？AI就灵？马年CNY避坑指南,https://mp.weixin.qq.com/s/TO0FzAb6F9qnAB5zYVQKSw
299,手办制作厂商Myethos遭恶意纵火；泡泡玛特MOLLY20周年全球巡展首站登陆香港；2026纽伦堡玩具奖揭晓 | 一周谷子潮玩圈大事件,https://mp.weixin.qq.com/s/RYYoV0hxfa21K36oBY62XQ
300,挪瓦咖啡获数亿元C轮融资；国务院就预制菜标准公开征求意见；鸣鸣很忙正式敲钟上市 | 一周茶饮食品圈大事件,https://mp.weixin.qq.com/s/kzXDleAXCrYhaIy1_u09Eg
301,安踏123亿控股彪马；米兰冬奥会中国代表团成立；阿迪达斯成“苏超”官方战略合作伙伴 | 一周运动服饰圈大事件,https://mp.weixin.qq.com/s/TO0EXh9LwAQIFpxTP-nXiQ
302,滔搏能用Norrøna叩响高端户外的大门吗？,https://mp.weixin.qq.com/s/n9QgP-5a2f7jktZUQJmvlQ
303,从40亿简醇到25亿悦鲜活：君乐宝能否从价格战突围？,https://mp.weixin.qq.com/s/c3S7DlDrsFyWeIfeXQ50uA
304,蜜雪冰城和多邻国的抽象营销，其他品牌如何“抄作业”？,https://mp.weixin.qq.com/s/eHaVDA7lt5MkTWggZDJr0w
305,接“健康福”的年轻人，健康焦虑藏不住了,https://mp.weixin.qq.com/s/fqIr7kXOCvFBs30NkHupKA
306,元宝猛砸150亿投流，打不过千问的1000万杯奶茶？,https://mp.weixin.qq.com/s/k6QPq6LMsc2DE9G3A9IYqQ
307,INTO YOU心慕与你推出第二代女主角唇泥；小红书医美禁令正式实施；上海家化预计2025年扭亏为盈 | 一周美妆圈大事件,https://mp.weixin.qq.com/s/Qm_3Xs82wdX4WT8RQ5TDZw
308,美团吃掉叮咚，外卖大战变天,https://mp.weixin.qq.com/s/ztjJ1Q7M8p_ggEHiZ_FMGA
309,绝味鸭脖遭遇严重亏损；快手外卖独立入口下线；喜茶海外门店已超百家 | 一周茶饮食品圈大事件,https://mp.weixin.qq.com/s/wjw0MwEzTzQlDl1_TpRpkQ
310,三夫户外预计2025业绩超预期；安踏官宣成希腊奥委会战略合作伙伴；爱马仕于巴黎呈现2026冬季男装系列｜一周运动服饰圈大事件,https://mp.weixin.qq.com/s/OyGks2r-XIpLd_q-igkrTQ
311,“中国自助披萨第一股”，别犯低级错误,https://mp.weixin.qq.com/s/hYqQVwguVoumeIjS-fFSUA
312,迪士尼公布2026财年第一季度财报；卡游成央视春晚独家卡牌合作伙伴；FoloToy获数千万元融资 | 一周谷子潮玩圈大事件,https://mp.weixin.qq.com/s/6HEmWBD0IO-jFXgRl83vAg
313,从鄂尔多斯到三只小山羊，中国羊绒的奢侈品之路难在哪？,https://mp.weixin.qq.com/s/ccumrmfovgmUxVlG-tbJqQ
314,春晚赞助商换了一拨：机器人5亿，追觅2亿，潮玩卡牌上桌,https://mp.weixin.qq.com/s/RvbyaxCwTe8Bv18W_rTtRw
315,年销10亿仍然破产，自嗨锅营销窟窿有多大？,https://mp.weixin.qq.com/s/1C55ehQQX2MswnBHld-16A
316,于东来退休幕后：3 年放权，永不上市，接班人须60岁退休,https://mp.weixin.qq.com/s/60kz4oyWnCq1d9fXvv09Gg
317,bjd玩偶，潮玩界的下一个搪胶毛绒？,https://mp.weixin.qq.com/s/w3ynmwHCeaSpjJnxbvwyxQ
318,被大大带火的“百年义利”，能接住泼天富贵吗？,https://mp.weixin.qq.com/s/aKSFMhHNq_LonwOUbRzUNw
319,又一美丽智商税？华为耳机的耳夹营销打动了谁？,https://mp.weixin.qq.com/s/JvT5905sFPgl4gAPockdSA
320,“租手机看演出”成潮流，vivo三星大疆谁赚到了？,https://mp.weixin.qq.com/s/A0SP44chEnlS3OexM3LNFQ
321,当明星成为「最佳搭子」，小红书打开「娱乐营销新范式」,https://mp.weixin.qq.com/s/mMegPCrrYCqEeHsl9k1toA
322,探访西安“魏宇宙”：汉堡夯，但日料、粤菜拉完了？,https://mp.weixin.qq.com/s/7qPfIYQljUmuRSsfc9QBOg
323,从「人物叙事」到「全网话题」，品牌冬奥场外营销的破局之道,https://mp.weixin.qq.com/s/Rfu7Mr9dgJZN4GxkyY8FCQ
324,烟花秀后，始祖鸟母公司大中华区Q4收入涨41％；库里上脚安踏球鞋；耐克球鞋二级市场价格持续上涨｜一周运动服饰圈大事件,https://mp.weixin.qq.com/s/foS_i2KTsUqnDHhquMKixw
325,复盘李宁品牌冬奥营销：重金砸出的泡沫流量？,https://mp.weixin.qq.com/s/ZRJoKR46F4FCrDwGQ0vFBQ
326,当男生们在洛阳穿上女装,https://mp.weixin.qq.com/s/TSLy0bZjPZ9EpLAKN2oPgQ
327,于文文携手林清轩；易烊千玺代言千问；云旗郝熠然双人代言SnackPaper｜一周代言人盘点,https://mp.weixin.qq.com/s/VlP6Rcyf2B6_htDoNE5QwQ
328,雅诗兰黛告沃尔玛售假；资生堂官宣 Lisa 任全球代言人；医美首进CPI统计 | 一周美妆圈大事件,https://mp.weixin.qq.com/s/erfFe6gUWR0FPGePt8w58w
329,古茗2025新开超4000店；茶百道景区春节销量涨4500%；星巴克海南春节营收增20% | 一周茶饮食品圈大事件,https://mp.weixin.qq.com/s/8P-ZLotG7nCjaRfyclnC6g
330,每月一场联名，必胜客想要成为“披萨界的瑞幸”,https://mp.weixin.qq.com/s/BqIuXAG2_h9BkchDGmWnWQ
331,乐高全面封杀三大跨境平台；三丽鸥中国年入13.3亿；泡泡玛特推出新IP Merodi | 一周谷子潮玩圈大事件,https://mp.weixin.qq.com/s/VMOFjyawQeGLO5Xd95x4dA
332,金匠寿司联动暹罗猫小豆泥；麦当劳联动Dimoo；茉莉奶白联动阴阳师 | 一周IP联名盘点,https://mp.weixin.qq.com/s/4kBNlhnfUhL6C4BJvP7IZA
333,“野生谷子”攻占县城，二次元也有自己的下沉市场？,https://mp.weixin.qq.com/s/Rhb5HrIQkcGdczpkgS07tA
334,蜜雪冰城将建主题乐园；IF椰子水被疑添加外源糖；阿里云千问上线肯德基 APP | 一周茶饮食品圈大事件,https://mp.weixin.qq.com/s/q1gTNdhmNsHIQCWI8dXg7A
335,时隔45天后，章泽天选择尊重自己的好奇心,https://mp.weixin.qq.com/s/Bxs63ZL20SjDJu1BZRtXfA
336,瑞幸联动泡泡玛特Zsiga；环球影城联动《长安三万里》；库迪联动哆啦A梦｜一周IP联名盘点,https://mp.weixin.qq.com/s/U_ifumYJ50ejomHCXceQAA
337,别问2026CiE值不值得，先看这10个“必逛理由”,https://mp.weixin.qq.com/s/9D3cM1R6wVe33JpNWGjbxQ
338,黄子弘凡代言奥札；瑷尔博士官宣于适；王鹤棣代言adidas Originals | 一周代言人盘点,https://mp.weixin.qq.com/s/nF0yfIGw_6XkO31KSXhrcg
339,LVMH拟出售馥蕾诗玫珂菲；联合利华2025年营收创近五年最大跌幅；珀莱雅前CMO叶伟官宣新品牌｜一周美妆圈大事件,https://mp.weixin.qq.com/s/mvgRGsBvGtNKvg6il78nBg
340,为什么始祖鸟在风波后依然赚麻了？,https://mp.weixin.qq.com/s/s2m81AQoo0XuMPWn27s2yA
341,if、佳果源、轻上等大牌陷造假风波？椰子水为何频频爆雷,https://mp.weixin.qq.com/s/eBjsVUKsPV-hSbDd3ug7rA
342,独家对话魅族前员工：迁址、裁员、开发断档，昔日大厂死于内乱,https://mp.weixin.qq.com/s/Pw59nzjB5_pGdCvfAWHvUw
343,好望水：一个“社交悍匪”，决定用产品的方式做品牌 ｜品牌深壹度,https://mp.weixin.qq.com/s/eOK2fc7t4cMeNj2SjLML_A
344,安热沙联动LABUBU；肯悦咖啡联动EXO；百吉福联动未定事件薄 | 一周IP联名盘点,https://mp.weixin.qq.com/s/OpL813gQh5Pa1FeKsDDMXQ
345,上不了高奢，下不来台阶，淡淡的馥蕾诗淡定不住了,https://mp.weixin.qq.com/s/lnASFe8CGBTO70K6xanspA
346,为什么是华莱士成了男大的指定食堂？,https://mp.weixin.qq.com/s/lZSG6W06f8VLcLns5toZ4Q
347,李宁签约张帅重返网球赛道；彪马2025年营收下滑；Guess将关闭所有中国门店 | 一周运动服饰圈大事件,https://mp.weixin.qq.com/s/P7vLo62oNBOYhbb5yzelOA
348,阿里潮玩首店落地北京；泡泡玛特再发新IP；名创优品上新多款盲盒｜一周谷子潮玩圈大事件,https://mp.weixin.qq.com/s/JaPNcnVzCkJIsluXolXOlQ
349,蔡徐坤代言柳丝木；白鹿携手李宁；邓为代言薇诺娜 | 一周代言人盘点,https://mp.weixin.qq.com/s/_pND88epqSoBxGJu-l1dmA
350,珀莱雅妇女节短片——中国女性叙事，国牌可以讲得更好,https://mp.weixin.qq.com/s/KQ-cJBs60JWg-Ad8uCOHRQ
351,3.8中女内容持续出圈，当红不让凭什么让李静李艾双IP双赢？,https://mp.weixin.qq.com/s/Q31BFHa-NTrtpBdeS2n_Ww
352,10年10亿授权费，安德玛儿童操盘手接下「锐步中国」,https://mp.weixin.qq.com/s/2s4BM-bKyJiahZUIzk1BdQ
353,「华莱士退市」冲上热搜，为什么它成了男大的指定食堂？,https://mp.weixin.qq.com/s/qQ7Q-PEFtf_9rApddnBiSw
354,铜师傅通过上市聆讯：9个月卖4.48亿，它不想只是中年男人的铜器信仰,https://mp.weixin.qq.com/s/L9er2dkOdH1ccz94n6ORBw
355,抢不到流量，非流量艺人怎么用才值？｜代言人观察,https://mp.weixin.qq.com/s/uZOF2dn7vuZgRGjt7wKKMQ
356,“养龙虾”首选，拼多多3599元，MacBook Neo直接杀死比赛？,https://mp.weixin.qq.com/s/yLATyfw9mrpo1GdfJz1T1w
357,上美股份2025营收预计突破90亿；祛痘品牌“泽平”被检出抗生素；“油液精华”团标发布PMPM牵头｜一周美妆圈大事件,https://mp.weixin.qq.com/s/QK0lC5C1Gi_B6mtMV3KEig
358,好望水入局运动营养赛道；Puma官宣张凌赫为大中华区代言人；On在深圳开设中国最大旗舰店｜一周运动服饰圈大事件,https://mp.weixin.qq.com/s/JQDdIVB2LkfuDNRy2wFBjg
359,泡泡玛特王宁家族跻身全球第二；乐高集团2025年净利润增长21%；泡泡玛特推出三丽鸥联名系列新品｜一周谷子潮玩圈大事件,https://mp.weixin.qq.com/s/iVL8xyN7qHI73j7m0nvYFQ
360,AWE现场直击：明星扎堆、追觅造卫星、Rokid“养龙虾”，科技圈的热闹都在这了,https://mp.weixin.qq.com/s/BtJ6UIf50E7I97SllBXEyQ
361,当坚持要做品牌化的库里遇上立志全球市场的安踏,https://mp.weixin.qq.com/s/dVrayoUbOTviUbqy1QHHag
362,寿司郎金枪鱼现虫卵；霸王茶姬进军韩国；蜜雪集团布局酒业 | 一周茶饮食品圈大事件,https://mp.weixin.qq.com/s/GtTmT1utAUauOpq8vM_5WA
363,泡泡玛特将拍LABUBU电影；拓竹泡泡玛特和解；布鲁可发布2025年财报｜一周谷子潮玩圈大事件,https://mp.weixin.qq.com/s/BJkEWZJHos1jzOi9oqm4Qg
364,百万年薪招聘、百万费用投入，315让品牌圈掀起“GEO焦虑”,https://mp.weixin.qq.com/s/zh1zOngh6fgfQSMRDAU7Jg
365,F1上海站品牌红黑榜：闪购赢麻了，阿迪达斯还在端架子？,https://mp.weixin.qq.com/s/0BUzXVPzJWcz2MVKLyKOnQ
366,好想来母公司营收破500亿；永辉喊话山姆； “3・15” 晚会曝光“漂白鸡爪”等问题 ｜一周茶饮食品圈大事件,https://mp.weixin.qq.com/s/ZtWX78QTbFXcxZ4e3Hb_vQ
367,不追“单一爆款”的52TOYS，凭什么让全球玩家买单11年？,https://mp.weixin.qq.com/s/8Z-A8YTJtJqsSDI22LUDLw
368,Zara母公司利润创新高；维密关闭中国最大旗舰店；匹克与欧洲奥委会签署6年合作｜一周运动服饰圈大事件,https://mp.weixin.qq.com/s/l_iAfY0cwsXCk0j0AQT5sw
369,困在省界里的眷茶、放哈：要么出走，要么出局？｜地方茶饮图鉴,https://mp.weixin.qq.com/s/u9EmMaUsZF-RKJn-ABz_VQ
370,百雀羚重启彩妆业务；央视3·15晚会曝光外泌体医美乱象；韩束MAC入选黑猫投诉年度美妆黑榜｜一周美妆圈大事件,https://mp.weixin.qq.com/s/1STcjm8fWNi4Xmfw4N3NQQ
371,挨骂含泪赚3000万，谁在制造二次元IP香水的“暴利神话”？,https://mp.weixin.qq.com/s/oyCDzrlYtoAnC8c5RiUHRw
372,刘文祥、张亮、杨国福：「牛肉风味」的鸭肉在全行业广泛存在,https://mp.weixin.qq.com/s/_0B_Jw08hkH30wW9wq7Tug
373,“老式艺人”瞿颖翻红：盒马、金典、欧莱雅谁更懂热梗营销？,https://mp.weixin.qq.com/s/taxtu5wb3nlVvvs3Wlu7Jg
374,古茗联动小马宝莉；挪瓦咖啡联动逐玉；恋与深空合作芬达 ｜一周IP联名盘点,https://mp.weixin.qq.com/s/cn_TFtjqckOwXDF9rf9zAA
375,欧莱雅携手英伟达；巨子生物营收六年首降；HBN 首家百货店落地杭州｜一周美妆圈大事件,https://mp.weixin.qq.com/s/B7rSVW0kNVjTwZXeXlQzLw
376,泡泡玛特、名创优品发布2025全年财报；蚂蚁集团旗下公司入股AI玩具生产商跃然；手工拼豆内外贸双线火热 ｜一周谷子潮玩圈大事件,https://mp.weixin.qq.com/s/an1qL6ryw-HqaPDsgZXdOQ
377,我们和5个品牌聊了聊，26年的美妆个护正在卷这3个新增长点,https://mp.weixin.qq.com/s/1DHoCxtU81rnUlnjQqc2EQ
378,王一博代言水卫士；易烊千玺代言慕思；鹿晗合作福鹿家｜一周代言人盘点,https://mp.weixin.qq.com/s/kOenf3rlbqrksdqKgJMwtQ
379,半年下滑5个亿，可复美难撑巨子生物的增长神话,https://mp.weixin.qq.com/s/cUoT70J-WNxg-VNOVlCCsw
380,361°、安踏、李宁等品牌公布年度业绩；迪卡侬入驻拼多多；2026 HYROX 北京站举办｜一周运动服饰圈大事件,https://mp.weixin.qq.com/s/IuC_9cnbJBjNiYnj3Ef4Qw
381,从《三角洲》到《第五人格》，海底捞为什么“盯上”二次元？,https://mp.weixin.qq.com/s/T0-kL8ZDafM9-nesYrVsJg
382,海底捞发布2025年业绩；泸溪河完成A+轮融资；寿司郎回应金枪鱼吃出寄生虫 ｜一周茶饮食品圈大事件,https://mp.weixin.qq.com/s/rpQ0LWcwgE2Lj4KgRsRxZA
383,鞠婧祎代言淘宝天猫服饰；华帝官宣张凌赫；黄子弘凡代言雪碧｜一周代言人盘点,https://mp.weixin.qq.com/s/CihdQnb_nwA0JhADuJ1UPA
384,美团、呷哺呷哺、蒙牛、鸣鸣很忙相继发布年报；今麦郎被曝“手打”挂面仅为商标；东方甄选将开首家线下门店｜一周茶饮食品圈大事件,https://mp.weixin.qq.com/s/O9lL0WqvXZupKSrJcEhC4A
385,肯德基联动燕云十六声；脆脆鲨联动原神；泡泡玛特推出火影忍者联名手办｜一周IP联名盘点,https://mp.weixin.qq.com/s/4LjVcKSdZJbGSqLnUbVT9Q
386,315 风波后，椰子水造假仍在继续,https://mp.weixin.qq.com/s/47NZVe6lLphBpZOiNJThEw
387,「始祖鸟平替」、十几种店型、百亿库存：安踏的十字路口,https://mp.weixin.qq.com/s/uVz6WzkBaK43U8EKQTU9IQ
388,9块9的法拉利小车，能治好“赵一鸣们”的增长焦虑吗？,https://mp.weixin.qq.com/s/yk57r50971Or928wyBK8ng
389,泡泡玛特推LABUBU冷藏箱、世界杯合作潮玩；名创优品利润下滑54.1%；蚂蚁集团投资AI玩具跃然创新 | 一周谷子潮玩圈大事件,https://mp.weixin.qq.com/s/ZAfa6ZNBqxRWFGu4cATouw
390,上市首日大跌48.9%，谁在买铜师傅？,https://mp.weixin.qq.com/s/iT6GTxZs7Q53xlWLnvu-ng
391,耐克、森马、特步相继发布财报；Gap计划在华新开50店；始祖鸟敲定大中华区新任总经理｜一周运动服饰圈大事件,https://mp.weixin.qq.com/s/kpYimFDbnOwyXoW30PZjkw
392,自曝家丑后暴跌40港元，蜜雪冰城为何执意“刮骨疗毒”？,https://mp.weixin.qq.com/s/1Gca62ZvBH8dQDbqW9I7fA
393,喜茶联动HelloKitty；盐津铺子联名逐玉；寿司郎联动喜羊羊与灰太狼｜一周IP联名盘点,https://mp.weixin.qq.com/s/v5dZ1TMUDYYJ2UV2DbbQJw
394,柠檬向右入局“新鲜零食”；海河牛奶直播间翻车；星巴克中国全新经营模式 ｜一周茶饮食品圈大事件,https://mp.weixin.qq.com/s/BLZdF0EzA3AIPOBJKX7QCA
395,农夫山泉、蒙牛、三只松鼠...为什么巨头扎堆入局电解质水？,https://mp.weixin.qq.com/s/05ggb9tLxmBQXrWM-W1fVw
396,张凌赫代言陌森眼镜；云旗、郝熠然代言逐本；探路者合作黄景瑜｜一周代言人盘点,https://mp.weixin.qq.com/s/EwjylR027y56x7qM1tbDSQ
397,丸美生物、福瑞达发布年度业绩；中国代理商反向收购Lilybyred；两面针易主｜一周美妆圈大事件,https://mp.weixin.qq.com/s/Xxo4p-Peb9xp2FQyfYoSjQ
398,时代少年团代言卫龙；云旗、郝熠然代言捷尼拉莫；可口可乐合作刘宇宁｜一周代言人盘点,https://mp.weixin.qq.com/s/eNJLnn3QIAhF1fxEr1piQQ
399,潮玩行业洗牌加速，杰森娱乐以生态为剑，撕开潮玩下半场出口,https://mp.weixin.qq.com/s/wefXnX83OatqKYSQomofHw
400,泡泡玛特遇冷、铜师傅破发，TOP TOY凭什么再冲IPO？,https://mp.weixin.qq.com/s/luytzcQqCsPjJehbmDPlCg
401,美团为“麻烦”办葬礼；乐高齐聚顶流宣传新品；瑞幸联手陶喆｜一周营销案例盘点,https://mp.weixin.qq.com/s/KkHayS969vKRdVbaUaV_5w
402,丁禹兮，让老凤祥年轻了 100 岁,https://mp.weixin.qq.com/s/TZ74uux6nXrnxk3nnoU41Q
403,AI潮玩MOMOTOY获数千万元融资；泡泡玛特一皇冠装置起火；名创优品乐园门店已落地65家｜一周谷子潮玩圈大事件,https://mp.weixin.qq.com/s/4BXXv9vqi46Wv_IXWE4qww
404,1300家店后，野人先生用“克制的野心”接住时运｜Spicy Talk,https://mp.weixin.qq.com/s/UnA2DtyR3Upc-pBAeSmSww
405,2025净利润下滑48%、深陷“芭蕾舞鞋”争议，梦龙的高端信仰正在崩塌,https://mp.weixin.qq.com/s/xZJJ4IfJpuKRkw6sxIUYsA
406,复盘400+明星代言：越高危越带量？边合作边切割？| Q1代言观察,https://mp.weixin.qq.com/s/PE2aNANU04ToK1iQ-WMfUg
407,亏了8000万之后，九木杂物社不忽悠你开卡了,https://mp.weixin.qq.com/s/iyz3uJ-QZBWYVibqkc_4cQ
408,徐福记邀请米兰小哥参观工厂；麦当劳与“麦当龙”；洛克王国世界的情怀营销｜一周营销案例盘点,https://mp.weixin.qq.com/s/-uoI1DD9AbCq7BtlnCHOUQ
409,瑞幸咖啡联动自嘲熊；支付宝联名恋与深空；喜茶HelloKitty联名第二弹开启｜一周IP联名盘点,https://mp.weixin.qq.com/s/ka58b074IA0hrAISyRvh1g
410,参半的崛起，是短视频时代流量品牌的生存样本,https://mp.weixin.qq.com/s/lwvhCnFcWeanRJsI1nxNXQ
411,安踏Q1零售额高位正增长；Lululemon陷有毒原料指控；耐克否认出售匡威传闻｜一周运动服饰圈大事件,https://mp.weixin.qq.com/s/f88SnpMa0cLhAHAa14MLKg
412,张元英代言MiuMiu新香水；若羽臣收购奥伦纳素；主流电商平台一季度美妆业绩发布｜一周美妆圈大事件,https://mp.weixin.qq.com/s/XTx4HCc6WNHtE9I_KauJ8w
413,百亿补贴美妆被指售假；欧莱雅连续五年实现一季度增长；3·15打假“外泌体”涉事企业被吊销执照 | 一周美妆圈大事件,https://mp.weixin.qq.com/s/y2tSPf3DxnmZ2bnQEuiHsw
414,创意，才是AI时代最后的壁垒 ｜ 2026视听大会复盘与回望,https://mp.weixin.qq.com/s/4PLNFyCfLSG7-HBwmD8jWw
415,幸运咖联手迪丽热巴梁朝伟；成毅代言绽家单日销售额破4140万；黄星邱鼎杰代言名创优品24小时销售额1440万｜一周代言人盘点,https://mp.weixin.qq.com/s/z-oTcENbF8ED0t3gS-rWxA
416,单店投入200万，标配员工33人，为什么柠檬向右要进军新鲜零食店？,https://mp.weixin.qq.com/s/-5VHK0EP5_rsgaNje5e8eg
417,罗森联名无限暖暖；肯德基联动三丽鸥；华莱士联名魔道祖师｜一周IP联名大事件,https://mp.weixin.qq.com/s/HwW0ImZa_z6u9uZ6Ept0iA
418,花99元排队4小时入场，北京面包节到底是谁的狂欢？,https://mp.weixin.qq.com/s/2GrGfxnA3GFYYqxf5bagog
419,lululemon国内产品未检出有害物质；361度第一季度表现稳健；索康尼官宣蔡徐坤为品牌代言人｜一周运动服饰圈大事件,https://mp.weixin.qq.com/s/U3qlRJlDAvjEJA6uxEH7Hw
420,数百元平台溢价背后，大疆Pocket 4是谁在买？,https://mp.weixin.qq.com/s/enO-4SRDWU6exFDX-T9YiQ
421,电商平台涉“幽灵外卖”被罚重金；海底捞回应强制员工自费购买礼物；永辉超市一季度实现由亏转盈｜ 一周茶饮食品圈大事件,https://mp.weixin.qq.com/s/N1DLpONPmgia7_SjNRxQHg
422,从迪桑特到 MAIA，安踏二代的战场与真相,https://mp.weixin.qq.com/s/dc0HyQ0UT3qzCaVmR_g_MQ
423,鸣鸣很忙“零食王国”开业三天就被挤停售；东鹏特饮回应0糖特饮含糖量；茶颜悦色即将开售卤味熟食｜一周茶饮食品圈大事件,https://mp.weixin.qq.com/s/yRxGipNM8RmK2-qNXvTMnQ
424,与711联名，赞助HYROX，推出蛋白饮，粒刻的破圈之路｜品牌深壹度,https://mp.weixin.qq.com/s/CHx48BxdloP_B9T_Zs3Xxg
425,欧莱雅一季度增长6.7%；宝洁发出利润预警；若羽臣再冲港股IPO｜一周美妆圈大事件,https://mp.weixin.qq.com/s/ScgaFrfs6py4WOXyjOVuoQ
426,烟火气、人情味，小象超市宁波店何以挤满人人人人？,https://mp.weixin.qq.com/s/CTZOZyqlEpnC_WThzxchHQ
427,星巴克联动《穿普拉达的女王2》；52TOYS联名蜡笔小新；瑞幸咖啡联名蛋仔派对｜一周IP联名大事件,https://mp.weixin.qq.com/s/gPA9s2qbagdTjnxLLJ34sA
428,肯德基推出蘸料眼影盘海报；宿迁文旅请来何润东；麦当劳爆改“牡丹楼”｜一周营销案例盘点,https://mp.weixin.qq.com/s/39mKyGVBOS-CqxWcrXKT_g
429,也是体验上泡泡玛特新园区啦！,https://mp.weixin.qq.com/s/qvrvGP9w7kQ81FE09gDR2w
430,大麦与阿里发布潮玩AI设计平台“妙呀”；泡泡玛特乐园实现盈利；周深IP旗舰店上新即秒空 ｜ 一周IP潮玩大事件,https://mp.weixin.qq.com/s/7pKHwYTJYpXbI-nVyoL7iA
431,总冠涨10倍，国际大牌入局，苏超变味了吗？,https://mp.weixin.qq.com/s/X7wqY8-unhki1NHyhe5Jxw
432,肖战代言尚界汽车半小时下定1.2万台；华晨宇代言蔻斯汀销售额破1300万｜一周代言人盘点,https://mp.weixin.qq.com/s/GWXNXnuBadQCBZRPiic_UQ
433,星巴克的天津新店，把咖啡店改成了相声馆,https://mp.weixin.qq.com/s/3S9xt0e54n3HI8q6A41n5Q
434,Alo将在澳门开店；宋雨琦升任UGG代言人；坦博尔二度冲刺港股｜一周运动服饰圈大事件,https://mp.weixin.qq.com/s/MWWobIzXgaAiZy6XCHiIyQ
435,成毅代言联合利华10分钟售出2万+套；郝熠然、云旗代言幸棉官宣1分钟突破1500万；文淇代言霸王茶姬｜一周代言人盘点,https://mp.weixin.qq.com/s/V-DVdkUr53FcdKxYCSYgkQ
436,乳企营销大变天：金典“错过”，安慕希“撤退”，飞鹤“抄底”,https://mp.weixin.qq.com/s/_xLL4GOeylVVrN5MDuMvNA
437,瑞幸咖啡联名蛋仔派对；肯德基联动三角洲行动；达美乐联名明日方舟｜一周IP联名盘点,https://mp.weixin.qq.com/s/xtmFAnzNCxAoHEIPoBh8_w
438,30余场音乐节五一开演：一半靠饭圈，一半做文旅,https://mp.weixin.qq.com/s/PMDgPL3ObS_C8c-fFgUg8Q
439,对话皮爷咖啡：连续高双位数增长，精品咖啡不只有“倒下”和“下沉”,https://mp.weixin.qq.com/s/sbxB1v8VmQHhkuNLsVNAXQ
440,阿迪达斯借男子马拉松破2高调营销；Columbia“自然越坑越上头”短片；野兽派母亲节企划｜ 一周营销案例盘点,https://mp.weixin.qq.com/s/RBR39c7dJcvkduS3mX2vCg
441,茶百道联名米哈游又翻车？茶饮联动二游到底难在哪？,https://mp.weixin.qq.com/s/NYfHDTOtz16W8Ni9aZ6b0w
442,春茶收入翻倍，未来两年冲刺6亿，养生品牌盒补补瞄准茶叶？｜ 品牌深壹度,https://mp.weixin.qq.com/s/N1X1Cyrx9m80wzHNUYEP1A
443,Burberry进军运动服饰；Nike遭消费者集体诉讼 ；昂跑Q1收入创新高｜ 一周运动服饰圈大事件,https://mp.weixin.qq.com/s/GO-ucArOKczrpr8cwmlEDA
444,达美乐中国任命新CMO；鱼子酱品牌“卡露伽”冲击IPO；霸王茶姬开出澳门首店｜一周茶饮食品圈大事件,https://mp.weixin.qq.com/s/zbxAw7hYWZIsc0gC3LWZcg
445,C咖续签王一博；施丹兰再被查出面膜铅超标；央视曝光儿童化妆品乱象｜ 一周美妆大事件,https://mp.weixin.qq.com/s/sUmiBa-8oz3QEtGIrbNBuQ
446,梓渝代言网易严选24小时销售额3310万；肖战代言舒客；a1官宣云旗郝熠然 ｜一周代言人盘点,https://mp.weixin.qq.com/s/c_y9VCizhaanjUkdrCO2Dg
447,OPPO母亲节营销文案翻车；阿迪达斯世界杯全明星短片发布；金典×李小冉鲜活短片受好评｜一周营销案例盘点,https://mp.weixin.qq.com/s/oS4Sw28pDt4JJbFwT3dOAw
448,被李现带上五月天演唱会，影石Luna是“大疆杀手”还是噱头？,https://mp.weixin.qq.com/s/uEvSFvE89pP7v60lyS_Ktg
449,星巴克、吾岛、粒刻扎堆入局，「高蛋白」到底有多香？,https://mp.weixin.qq.com/s/x2nRvBLz29sK74d_e7zSBQ
450,蜜雪冰城联名西游记；茉莉奶白联名ROSYDOEDIAN；麦当劳联名蜡笔小新｜一周IP联名盘点,https://mp.weixin.qq.com/s/ye9FmskfJPHM8uo1O7qveQ
451,LABUBU冰箱第二轮预售再次秒售罄；香港拟监管娃娃机弹珠机；Funko第一季度营收超预期｜一周谷子潮玩圈大事件,https://mp.weixin.qq.com/s/eK8A97fqXgoV-ttxtrh40Q
452,千问学会逛淘宝，阿里AI电商落下关键一子,https://mp.weixin.qq.com/s/kU2Tiy8VQXMtRnXyvl2p0w
453,当周杰伦化身“风味侦探”，星巴克不想只卖一周的爆款,https://mp.weixin.qq.com/s/zboEiBc5ZWkRCr0icg07Bw
454,名创优品“为开心站台”；KEEN专做“怪趣”营销；海信×苏醒魔性“唤醒”世界杯｜一周营销案例盘点,https://mp.weixin.qq.com/s/vEjr-Hi1LDiuL-kNPKu6WQ
455,泡泡玛特Q1国内增长翻倍；名创YOYO花野蓬蓬盲盒即将开售；CRYBABY泪流成海盲盒开售｜一周谷子潮玩圈大事件,https://mp.weixin.qq.com/s/7YZUnuNw5IXmYuIai-MqDg
456,篮球迷等来了「锐步的复兴」，但为什么市场投下了反对票？,https://mp.weixin.qq.com/s/flJPcwaibN_bJwhgzQCFMg
457,黄子韬赌上一切一年后，朵薇GMV破7亿,https://mp.weixin.qq.com/s/uQRTNIQEYiMsnD3Lmln33A
458,穆祉丞舒克开售破千万；檀健次空任威基伍德全球品牌代言人；刘宇宁代言肯德基｜一周代言人盘点,https://mp.weixin.qq.com/s/kSKmyj9MdUkuKI-djRCKlA
459,美妆博主程十安回归涨粉千万；资生堂Q1核心营业利润激增；POLA Q1净利润暴涨｜一周美妆大事件,https://mp.weixin.qq.com/s/EqoXjeiVY9NFiD3FX2Lu5A
460,成人牙刷缩小版、玩具化严重，徕芬撕开儿童电动牙刷市场阴霾,https://mp.weixin.qq.com/s/5Dz6Xqcm4uwt9IBb6xF-0Q
461,三里屯188元“天价奶茶”引争议；泡泡玛特POP BAKERY将增设奶茶业务；幸运咖“蒜薹”梗引爆社媒｜一周茶饮食品圈大事件,https://mp.weixin.qq.com/s/jgssw-cevubTVYt3-C9fUg
462,加拿大鹅Q4营收增速；罗意威×昂跑联名跑鞋首发；始祖鸟发布女性攀岩系列Ⅰ一周运动服饰圈大事件,https://mp.weixin.qq.com/s/DGLYicnGaXVsFS-UbZ3JUw
463,一年超200万条鱼在朴朴“吊水”，淡水鱼消费如何重构,https://mp.weixin.qq.com/s/67uxoSVWJnQEU_ZBLZwAiw
464,王鹤棣代言无穷首日销售额破千万；王一博代言乐淇；影石官宣代言人李现 ｜一周代言人盘点,https://mp.weixin.qq.com/s/foBK9egyKF6_bhMRVW85Kw
465,“100%椰子水”再被打假；沃尔玛Q1营收544亿；胖东来梦之城正式开工｜一周茶饮食品圈大事件,https://mp.weixin.qq.com/s/n3t5-NDNEudapvcfFIh5Gg
466,潮玩市场快速降温，这家33年玩具大厂用19.9元叠叠乐入局,https://mp.weixin.qq.com/s/GtdU9Ci6297qS-WKHwEJiw
467,瑞幸联名黑皮Hello Kitty；德克士联名蛋仔派对；水獭吨吨联名上海动物园 ｜ 一周IP联名盘点,https://mp.weixin.qq.com/s/v1o0S9pcYtVEn5cp7-nIFw
468,小红书宣布上线音频播客业务,https://mp.weixin.qq.com/s/n5ayPLPV68hPSazWmrqv6g
469,女性营销救不了海澜之家：成也“她”，困也“她”,https://mp.weixin.qq.com/s/uWXn3rEjWqOkHU4s-Z3_CQ
470,力推Snow Peak，押宝OOFOS，比音勒芬的多品牌战略比安踏差在哪？,https://mp.weixin.qq.com/s/Ag4xJR1PcakK3nbs3eXkEg
471,赵露思TOP TOY限定礼盒开售；YOYO世界杯系列盲盒开售；王鹤棣潮牌D.DESIRABLE入驻天猫 ｜一周谷子潮玩圈大事件,https://mp.weixin.qq.com/s/2CbaIg9tVmKuz_ITd8fHzQ
472,珀莱雅押注花知晓后，童话会变味吗？,https://mp.weixin.qq.com/s/aHWrAbAj8-SK_e62bVhdnA
473,奥特曼IP十年首次遇冷；泡泡玛特进军巴西；索尼收购花生漫画｜一周谷子潮玩圈大事件,https://mp.weixin.qq.com/s/s9hTWYJzv6omwQW50DwtAg
474,姜黄shot降温，但打工人的“一口闷”养生才刚开始,https://mp.weixin.qq.com/s/d6RySZubZICVcqX-raM86A
475,找漂亮女孩打网球赛，Wilson就可以成为lulu？,https://mp.weixin.qq.com/s/dDYcbf6k3GQjNZgnE37IKA
476,对话X-Bionic：「普京同款」，不做下一个始祖鸟｜ 品牌深壹度,https://mp.weixin.qq.com/s/XMjl4goSS43QyvzCVBIYMQ
477,霸王茶姬Q1财报发布；央视曝光NFC果汁乱象；茶百道IP形象重大升级｜一周茶饮食品圈大事件,https://mp.weixin.qq.com/s/IOeB38B6bz72nBrPomIoMA
478,主播蛋蛋选品翻车；林清轩推出男士护肤品牌；珈凯生物即将上市｜一周美妆圈大事件,https://mp.weixin.qq.com/s/tzAyiBZTNyL4GhcLozpu4A
479,北面母公司三年首涨；H&M亚太总部落户上海；ABG正式收购 Lee｜一周运动服饰圈大事件,https://mp.weixin.qq.com/s/qHIQyitY9gSfRf4yd55fXQ
480,世界杯104场赛事小红书全免费，包括投屏,https://mp.weixin.qq.com/s/XK8_PxxA8RukYvdYiBWWhQ
481,美团请来鲁迅Coffee Chat;711广告错字火出圈；纪梵希下凡卖早餐｜ 一周营销案例盘点,https://mp.weixin.qq.com/s/YSslc4DZq9nR8tVdictX9w
482,Costco上京东，能追上山姆的500个前置仓吗？,https://mp.weixin.qq.com/s/UcEhSzBQLq7yXfS1NB4Rtg
483,李宁抢下库里，10年4亿美金的合约值不值？,https://mp.weixin.qq.com/s/ltfM6fAMe_px1v-lLiq-cQ
484,小红书×余华重新定义草台班子；阿迪达斯“去城里办事”意外火出圈；宝马小猪佩奇梦幻联动 | 一周营销案例盘点,https://mp.weixin.qq.com/s/yimKakZ6m-rOkA8544EU7Q
485,郝熠然代言资生堂24h销售额6300万；邓为代言摇滚动物园首日销售额破千万；时代少年团代言华为nova｜一周代言人盘点,https://mp.weixin.qq.com/s/j7R5-mi0fPQ9zR93Eyrvyg
486,星巴克进军服装赛道；萨洛蒙官宣代言人金智秀；李宁与库里达成深度合作｜一周运动服饰圈大事件,https://mp.weixin.qq.com/s/sXMNowYGfSamaMfCL1Bheg
487,阿里北杯陷入抄袭风波；“五个女博士”遭投诉；格林生物成功过会｜一周美妆圈大事件,https://mp.weixin.qq.com/s/d1XSS_rdcjjB_s_TBA0b5A
488,爷爷不泡茶联名樱桃小丸子；肯德基联名史迪奇；麻辣王子联名自嘲熊｜一周IP联名盘点,https://mp.weixin.qq.com/s/JWXJaZV_RnVvD5W8-jZCYQ
489,茶饮咖啡，逃离外卖大战之后,https://mp.weixin.qq.com/s/fmo6SNo8wsHtAK7p7WNGdg
490,定制专属男友，梦女对话机能成为AI陪伴玩具的新风口吗？,https://mp.weixin.qq.com/s/sT8X6NIvwXonEGTwpaYzfw
491,如何用一场手机发布会，让浪漫落入年轻人掌心？,https://mp.weixin.qq.com/s/hmlZaehEmWe49EgOMGdMOA
492,哈根达斯的中国门店交给了一家网红柠檬茶,https://mp.weixin.qq.com/s/iWy9uFBsVe_Y6U8TQX-fkQ
493,如何用一场手机发布会，让浪漫落入年轻人掌心？,https://mp.weixin.qq.com/s?__biz=MzkxNjczMzUzNQ==&mid=2247578209&idx=1&sn=e9e82f04d042e96c001710da8d516439&chksm=c1489951f63f1047e59eaf0f1db64614de6ee46285717936b8ef846a9a38be4a337569007896#rd
494,名誉保护投诉指引,https://mp.weixin.qq.com/s/_2kC-fXw7UjneZSrsC9CVQ
495,《以闪》被骂辱女，我在女权群收集了祖龙“十大罪证”,https://mp.weixin.qq.com/s/44B2DDsrTbtrXuSvHs7b8w
