AIGC: {"Label":"1","ContentProducer":"001191110108MA01KP2T5U00000","ProduceID":"0d89f2fbfd19cdcf6ddbfc65fb7c6bb3","ReservedCode1":"","ContentPropagator":"001191110108MA01KP2T5U00000","PropagateID":"0d89f2fbfd19cdcf6ddbfc65fb7c6bb3","ReservedCode2":""}

序号,文章标题,URL
1,"暗访团播招工：零舞蹈基础、高违约金、未成年也招",https://mp.weixin.qq.com/s/d5wkGj47yL_ad90_WvtV1g
2,"《淮水竹亭》高热收官，东方幻想新标杆照见长剧内容价值",https://mp.weixin.qq.com/s/LCeAeqk4vnvs4DYn1o5asg
3,"卖药动用名嘴、做综艺到*ST，电视台2025机遇与挑战",https://mp.weixin.qq.com/s/H1eN2fV-TnlkaV9dQ20ZeA
4,"《哪吒2》仍在映，王长田三兄妹计划套现5.38亿五年共减持四次",https://mp.weixin.qq.com/s/Rh2dlny8M-SgcXc_qzoWDw
5,"行业洗牌进行时，斗鱼找到增长风向标｜财报解析",https://mp.weixin.qq.com/s/FVI4nFe3H3_Lh9bWkdoBLw
6,"从虚拟到现实：北京环球影城如何用‘IP五感之旅’征服Z世代？",https://mp.weixin.qq.com/s/mWwehFYY3Nc_XsNkuwKvNA
7,"2025技术升级，积压剧终“回魂”",https://mp.weixin.qq.com/s/3kGICCchOiqPU80QzCb9OA
8,"自有+授权双轮，52TOYS冲击IPO的“三级跳”密码",https://mp.weixin.qq.com/s/PZj2GEyY8ppF69PEUPKq3g
9,"明星追热点真题解题指南：袁姗姗满分，范丞丞负分",https://mp.weixin.qq.com/s/Nfk4bjiR457ByktrTrp3eg
10,"《桃花坞》五周年，用时间换真心，用真心换回音",https://mp.weixin.qq.com/s/ghzxoIhEX_PTdMAleMhnbg
11,"2025内容型游戏如何创新？精品化是唯一解药",https://mp.weixin.qq.com/s/PPFs3WClBZe7S9v8yqaLuw
12,"虎鲸文娱“重新创业”，以AI为锚，合作共生｜专访优酷COO吴倩",https://mp.weixin.qq.com/s/xC5FHCPEQ6WaAe9vZZVKRg
13,"从车神到千王，男频题材微创新+掉马套路屡试不爽 |本周短剧红榜",https://mp.weixin.qq.com/s/8fm1mR9-dvmIOXbR85wv4w
14,"短剧江湖资本地图： 九州17家、点众10家，其余各自抱团",https://mp.weixin.qq.com/s/1aNOWOLO8ZKzs4T2v3Ud1g
15,"抖音红果携手成立短剧版权中心，短剧精耕细作期加速到来",https://mp.weixin.qq.com/s/1qHJuuZfFrktE-Q9FI-uYA
16,"心声本靠错位喜剧创新，九层宝塔开启短剧系列化开发新可能|本周短剧红榜",https://mp.weixin.qq.com/s/58Oh5xUjyy5CcgIkDppr-Q
17,"综艺不能没有时代少年团",https://mp.weixin.qq.com/s/XJG9zHNV1EnzczQhX6HKvA
18,"TME成SM娱乐股东，盘一盘TME的“音乐+”产业布局",https://mp.weixin.qq.com/s/36eSYPUdlidtcp0EQZHnXA
19,"微综艺千千万，不及YouTuber赚的一半",https://mp.weixin.qq.com/s/tk23tko48oZB5bVkTJdpKA
20,"直播间里的港星，靠“活人感”封神",https://mp.weixin.qq.com/s/6X93BgmZ8KujjjGJQ4AjSg
21,"从陈奕迅女儿到黄多多：星二代上舞台不如带货？",https://mp.weixin.qq.com/s/VGSEjsGc12tK2t8Tr13rCA
22,"二次元加盟成红海：150万起步、25万装修、70%退货保障",https://mp.weixin.qq.com/s/1_cpSi2m8HffW82U5PM_mw
23,"中国影视产业重心已彻底南移！",https://mp.weixin.qq.com/s/W8SF0rSlj2eqEWpLVHvXvw
24,"稀缺感即价值感，《在人间》为何成了品牌理想之选？",https://mp.weixin.qq.com/s/ukQTzA21FYOZmOad1GdmPg
25,"直击编剧由长转短：一部十万、经常骗稿、回款就是尊重",https://mp.weixin.qq.com/s/jILZjA8loBiidCF0rPc1Kg
26,"六一档“遗憾”复盘：票房小爆，但谷子不行",https://mp.weixin.qq.com/s/BORIDBFsKR3Unsva7k8ikw
27,"迪士尼怒告YouTube挖高管！内容与人才成流媒体核心战场",https://mp.weixin.qq.com/s/CpqEL16u_BrqHKwa-3XACA
28,"10元门票炒到900元，苏超比淄博还火",https://mp.weixin.qq.com/s/NTZRFvJ6aOPaM5O9omXeag
29,"B站申请AR试妆专利，百度想翻译宠物语言 ｜5月互联网专利盘点",https://mp.weixin.qq.com/s/uxB6q_rk5fYBu7Mbbd8RJg
30,"TME介入后，韩娱四巨头何去何从？",https://mp.weixin.qq.com/s/_Nl9Pc7DlXP_7Uhy5qam7A
31,"民俗志怪主攻恐怖氛围，空间+流放突出公路片质感|本周短剧红榜",https://mp.weixin.qq.com/s/oz32dhWrRzBxo295bkqUZw
32,"50 个二次元品牌评级：大厂下沉&新品牌难产，撑起千亿市场",https://mp.weixin.qq.com/s/1N_acsOeSdXqwZxoCJxg3g
33,"伦敦门店斗殴、贝克汉姆带货：Labubu的“九颗牙”如何咬住全球市场？",https://mp.weixin.qq.com/s/_3VLdanPTV-Fb3t-nUPEWw
34,"偷试卷剧情、捞金600万，蹭高考短剧被下架",https://mp.weixin.qq.com/s/ZFAiLHCf-KeUNGFJfBGgcw
35,"文娱五月天|小娱月报",https://mp.weixin.qq.com/s/VXFAHotci5MF5pkei06zAg
36,"港剧有望登上卫视黄金档！TVB进军内地市场更进一步",https://mp.weixin.qq.com/s/ZaGUPTcuJPuB3UezPKVTPA
37,"泡泡玛特销售不敌叠纸？暖暖携手X11要为内容IP正名",https://mp.weixin.qq.com/s/oKXIjGjbIEq5bx-cem07mg
38,"李柯以晋升短剧一姐，听花岛从爆款制造机到演员升咖机",https://mp.weixin.qq.com/s/7Xzi5iVWdKzbarFGKlwKCQ
39,"姜广涛：风暴后，配音是唯一坐标丨专访",https://mp.weixin.qq.com/s/75dsF_mP47mKiINvpkaWWQ
40,"“叶修再爱十年也不会腻”，《全职高手》如何稳坐二次元顶流IP？",https://mp.weixin.qq.com/s/QQ6jzSXzYH1alb9RodtWWg
41,"我们爬了36位明星粉丝手机消费力，靳东沈腾不及樊振东？",https://mp.weixin.qq.com/s/Napg6_gkbsuotHzMYfjW3g
42,"黑岩网跻身网文TOP3：垂类玩家如何炼成IP全链生态？",https://mp.weixin.qq.com/s/vYwXr_VqR_OZOf5vJFF3Xg
43,"十二年带领腾讯视频，孙忠怀赢下最高信任票",https://mp.weixin.qq.com/s/_SBwGkICmYof3A4Zl9Wc8A
44,"《临江仙》热播背后，欢娱如何构筑东方叙事体系",https://mp.weixin.qq.com/s/l1fW1DwZanfZzs_WOhVf-A
45,"B站动画短剧疯长，UP主和版权方分账",https://mp.weixin.qq.com/s/jGLHXcc4JuFIsvEaH7EQ0w
46,"把618放进一场派对：如何让年轻人为“此刻开心”买单？",https://mp.weixin.qq.com/s/3Cjt25obSXyof64ElxsW6g
47,"天价球星卡，走不出北上广深|卡牌大生意①",https://mp.weixin.qq.com/s/9kMjPzO_w7i23Npz635nxQ
48,"拆解《红线婚介所》爆款密码，快手为何成「品牌短剧营销」最佳场域？",https://mp.weixin.qq.com/s/Gl6HN741E8da020rZzisVg
49,"短剧困于2025",https://mp.weixin.qq.com/s/JfivA5mKpMoZijTLgtBiRw
50,"对话万达电影陈祉希：做高信任度的公司",https://mp.weixin.qq.com/s/8nv9vQanJ4BdbGbmrQfCqw
51,"奇幻短剧融梗升级，信息差成爽感来源| 本周短剧红榜",https://mp.weixin.qq.com/s/10tliL80_NhoBfiiX46Wfg
52,"19家品牌混战苏超，300万赞助费谁花值了？",https://mp.weixin.qq.com/s/1v2oRxqRR04AR08NtBtYDg
53,"日薪一万、充值近亿，短剧小演员也上桌了",https://mp.weixin.qq.com/s/RYZRP1DFE_756zGAjicqZQ
54,"翻拍12次仍成爆款？解码“一本多拍”成功学",https://mp.weixin.qq.com/s/48EwPpZkHamGHbVK8cDW8A
55,"真诚、真人、回归内容，从上影节看小红书的电影讨论场",https://mp.weixin.qq.com/s/fQ3eAthsbiUdXxFRHpdqhQ
56,"讲好故事是最大的确定性",https://mp.weixin.qq.com/s/5Y9ccbtY1J6gkA-Pfy__pg
57,"跳出舒适区，腾讯视频瞄准下一程",https://mp.weixin.qq.com/s/9UA2l8182Z5bhxnFF6xcMQ
58,"金巧巧：乡村老师这个角色让我知道，我不只是类型演员｜专访",https://mp.weixin.qq.com/s/HQg8f5JSGLkMJI7YdQTBlw
59,"于震端原生上线短剧：喜欢新鲜感，想让账号内容更丰富 | 专访",https://mp.weixin.qq.com/s/j8yuUCfD2P0-DnR0FYURsQ
60,"魔童哪吒护妈，高考状元断亲，高反差出爆款｜本周短剧红榜",https://mp.weixin.qq.com/s/XKpyOt-4Z89hDoC5OkKEVQ
61,"从“成功学大师”到“互联网姐姐”，这届职场博主画风变了",https://mp.weixin.qq.com/s/vhNNOStN-mYOCLiZJ09bUA
62,"医生、教师、主持，白领为何集体转行做团播？",https://mp.weixin.qq.com/s/en9TCUD2rhV9jXuDh18lqQ
63,"嘉行亮相上视节：11部大剧IP背后的“独嘉审美”与内容炼金术",https://mp.weixin.qq.com/s/9m42oE0PchB8ll2MZlK0_Q
64,"欧美老年观众也开始抛弃电视台了，中国呢？",https://mp.weixin.qq.com/s/JOw-Mx6IRFvTyvW3u2WRxw
65,"谁在为影视新人凿出上升之路？",https://mp.weixin.qq.com/s/lET2H1xc372MNyoKKVBFRg
66,"三季超2.5亿，《云渺》为何能实现短剧IP系列化｜本周短剧红榜",https://mp.weixin.qq.com/s/_rzHtzUhR7k4peulvjRp7Q
67,"被称为“AI版《爱死机》”？全球首部AI单元故事集《新世界加载中》幕后揭秘",https://mp.weixin.qq.com/s/QqM9uvgJoE7ozFjZ5GrxPA
68,"入围六项白玉兰、五部新剧亮相，歆光影业如何稳步扩展内容布局？",https://mp.weixin.qq.com/s/SBp_DZV1GJIEEuHgjsAhUg
69,"王许梅如何让大众放下“审判滤镜”？",https://mp.weixin.qq.com/s/-IaQhZ83JQ6KKWdWYqGfmw
70,"数字人聊天更自然，图像调焦能预防近视 | 6月互联网专利盘点",https://mp.weixin.qq.com/s/ZXiWgq3FfDs_SkT9ns-IJA
71,"1450万播放量背后，网易《归唐》遭玩家三连质疑",https://mp.weixin.qq.com/s/uQDLKZCzl2WytUsgOP0naQ
72,"豪掷18亿做非IP电影，苹果拍《F1》到底咋想的？",https://mp.weixin.qq.com/s/cj2jtB2yfit41LWL-SCIBA
73,"朱丹“鸡腿风波”后，观众为何对明星高位者敏感？",https://mp.weixin.qq.com/s/zGp0aJE7pdyEEfo6CxFoww
74,"中国潮玩出海2.0：Labubu之外还有什么杀招？",https://mp.weixin.qq.com/s/rkohqr58y4OGH9t6SRkBUw
75,"当正常人走短剧抽象剧情，荒诞解构拿捏喜剧密码 |本周短剧红榜",https://mp.weixin.qq.com/s/QvXktEs8-7M_leIC2cKKJA
76,"录综艺开巡演，语音厅成了内娱爬墙新大陆",https://mp.weixin.qq.com/s/lVgBXC2_q-HLFHKmshKD1g
77,"《亲爱的你》：尽兴“发疯”，治愈人生",https://mp.weixin.qq.com/s/8nbY14NBfKQIDuLCvUokkA
78,"五成00后粉丝，柯南IP如何在华逆势吸金？|解码IP衍生",https://mp.weixin.qq.com/s/Pce3HjFRlKfFtZmNdY04jQ
79,"从“苏超梗”到“苏超短剧”，当苏超成泛娱乐顶流，谁吃到最多红利？",https://mp.weixin.qq.com/s/25o-0eTKkzi6bmrIkU_oEA
80,"六月，夏至｜小娱月报",https://mp.weixin.qq.com/s/4S0DGGrL1HpiutuMH0umCA
81,"一边高喊“退票”、一边狂唱《爱如火》，那艺娜巡演“售如罄”凭什么？",https://mp.weixin.qq.com/s/h3GaRGWyjpK_U4qKMLEGPg
82,"十万买组讯，淋雨换镜头，揭秘短剧童星的成名陷阱",https://mp.weixin.qq.com/s/j4qRaa0Cl651kubXsuKBeA
83,"二级火爆、一级遇冷，潮玩品牌融资冰火两重天",https://mp.weixin.qq.com/s/rXy2kxmC8FOaP4ghKsVJXQ
84,"2025音综三大陷阱：神曲撑流量、垂类能破圈、出海能救市",https://mp.weixin.qq.com/s/_-VR2ltBjqm8uvssVsCjig
85,"风芒与美ONE强强联合，“短剧+电商”深度融合新范式",https://mp.weixin.qq.com/s/E_W6N66mi-yjgiwkaWY5Sg
86,"男性观众达到44%，侏罗纪联动如何精准化？｜解码IP衍生",https://mp.weixin.qq.com/s/4GtYF3HWnrld7okmSjziVg
87,"《以法之名》“烂尾”？反派角色来“背锅”",https://mp.weixin.qq.com/s/n1QgRFqkIDVdMdAkPp2FAA
88,"GMV单品三千万、全年破亿，影视卡牌成爱优腾最强衍生品丨卡牌大生意②",https://mp.weixin.qq.com/s/ChrRS0rBCuvlZDXmsraslg
89,"半年专利200+，解码“爱优腾芒B”的AI野心",https://mp.weixin.qq.com/s/EJSEPsmyO5xXJfwez_MrAQ
90,"娱乐收入占比超60%，索尼转型正当时｜对话索尼中国",https://mp.weixin.qq.com/s/8lAPyqZbBXwbsgm9HYrtvQ
91,"女学霸清醒算计享受男色，男社畜穿越带系统抄家开挂｜本周短剧红榜",https://mp.weixin.qq.com/s/U0mSwlk9KqSTxe1YEXGeDQ
92,"米哈游“投降”网易“硬刚” ，剧情演出为何让人又爱又恨",https://mp.weixin.qq.com/s/M-I_wX1soi1AWCl3StgtCg
93,"《书卷一梦》玩转爆梗，爱奇艺打出暑期古装双响炮",https://mp.weixin.qq.com/s/I9uaH_8chah7Sg5hrieDcQ
94,"泽润影业郄国伟导演：信任是从面对面聊内容开始|十大导演共创公司",https://mp.weixin.qq.com/s/uH7wEopPW64_a3OoDQaoPg
95,"恒星引力张宇成：热爱是一切合作的起点 | 十佳导演共创公司",https://mp.weixin.qq.com/s/JHC1eigSOWtlyQlpNT5C4A
96,"139个招聘岗位，藏着爱奇艺最新的业务底牌｜人才风向标",https://mp.weixin.qq.com/s/ErTgtn2lqCo998GvsPzQ_Q
97,"柠萌影视顾洁慧：寻找与创作者双向奔赴的节奏|十大导演共创公司",https://mp.weixin.qq.com/s/a8jFwNfx2oPoZgrFqjmpKg
98,"傩神苏醒保护非遗文化，忠犬权臣助大女主上位 | 本周短剧红榜",https://mp.weixin.qq.com/s/EWZSzhQrrB_K-TrFLTq-Yg
99,"从“手撕”到“嘴炮战”，短剧再现“抗日神剧”？",https://mp.weixin.qq.com/s/iHxXNA_qUFj4QEeBAjUwDw
100,"这十家最会做青年导演“搭子”的公司，是怎么炼成的",https://mp.weixin.qq.com/s/uokWK8abDAEHk-3T8t8Mfg
101,"脱口秀加速分化：挺女性怜牛马的一线，聊八卦搞相亲的二线，谁能赢？",https://mp.weixin.qq.com/s/lmhHk8aSU5jmgJ3cGWxSTA
102,"欢娱影视国浩导演：尊重内容的导演也会被尊重 | 十大导演共创公司",https://mp.weixin.qq.com/s/C82REFA9vcFni6eTO3ub2g
103,"在一场「荣耀」晚会，照见快手直播生态的繁荣与变迁｜访谈",https://mp.weixin.qq.com/s/jAiS0o46OHC0hQQPFY49og
104,"《一饭封神》：讲述英雄相惜的中国厨师故事",https://mp.weixin.qq.com/s/wPrIHko-hzB7Qm4gXsS47A
105,"BW上摸手、语音厅谈情，走进1500亿女性情欲消费的世界",https://mp.weixin.qq.com/s/hxGVzwlTC7s9-4ZlydH33g
106,"男频IP女频化，既要纯爱又要后宫的《仙逆》被炎上？",https://mp.weixin.qq.com/s/gwXPkwviX62-byTaFMDfMQ
107,"《藏海传》登顶招商王座，难掩大盘跌跌不休｜2025H1剧集商务总结",https://mp.weixin.qq.com/s/xBS88T6vFiiiOJnAoCPBRw
108,"程亮导演：剧集导演更像管理者，为每一场戏加分｜十佳导演共创公司",https://mp.weixin.qq.com/s/-QvVESmXpy42EO-K29NhDw
109,"50亿收入仍遇冷，明星小卡需转型丨卡牌大生意③",https://mp.weixin.qq.com/s/DmTnxgSS8a5yjvWqRRZTLg
110,"内娱星二代，已团灭",https://mp.weixin.qq.com/s/7iwDdVCRJJvXrFUKv6M8hw
111,"耀客孙昊：我们要与青年导演共建内容生态｜十佳导演共创公司",https://mp.weixin.qq.com/s/LL5sI8-8unhTCym0ZIq30g
112,"盛景嘉成王晓辉：政策东风+技术突破，下一代显示技术引爆XR产业链",https://mp.weixin.qq.com/s/UsyJUJtvLtRBvCS7Ar5DXg
113,"解码最强“IP操盘手”： 被调查的释永信和少林百亿商业帝国",https://mp.weixin.qq.com/s/NDBLjFS7AXlGdhVMk5vUsw
114,"对话周大福：单款联名卖出40亿+，珠宝品牌如何借“谷子经济”拉新？|品牌深壹度",https://mp.weixin.qq.com/s/Te2z-eJXISFPPnd33UBsRg
115,"资本还有理性？大麦涨幅是猫眼140倍，TME比长视频涨27倍",https://mp.weixin.qq.com/s/TjJ6R7gtsuTFi0bsNxACQg
116,"乱世群像显历史厚重，九世夫妻宿命情深，短剧品质升级｜本周短剧红榜",https://mp.weixin.qq.com/s/2Evm2Wh1bm52hbB9sAMk8A
117,"今年暑期档，死去活来",https://mp.weixin.qq.com/s/XiXVIdhFqQ_NX5gderGw3Q
118,"Switch配件卖4w件，二次元撑起罗小黑IP｜解码IP衍生",https://mp.weixin.qq.com/s/XSMVVzZgCf18Os8GEfx5jA
119,"鲜花盛开：演员是选出来的，更是演出来的｜十佳青年艺人经纪公司",https://mp.weixin.qq.com/s/BSaUfGdegXmUjSgk3Hc9yw
120,"当“剧抛脸”成常态，这十家反向“长线养成”｜十佳青年艺人经纪公司",https://mp.weixin.qq.com/s/quH9wfpHKxjiZ7AVJ4glrw
121,"海西传媒蔡俊涛：用闭环体系托起艺人成长 | 十佳青年艺人经纪公司",https://mp.weixin.qq.com/s/e9Pl3kKgzqCGtGfd31WR0g
122,"天浩盛世秦川玺：从试戏开始，搭一条演员路 | 十佳青年艺人经纪公司",https://mp.weixin.qq.com/s/k4xCH_CP3-Y5M8ysb-WeiQ
123,"一档综艺，如何让观众从“刷到”到“走进”真实人生？",https://mp.weixin.qq.com/s/A6Ky9UhCokFwPCmoJUUNGQ
124,"数字之外，重新认识热度值的价值",https://mp.weixin.qq.com/s/Je9OvZCIpmFdT5I8Qc4VoA
125,"文化出海新三样，创新与转变实现东方之美｜ChinaJoy 现场",https://mp.weixin.qq.com/s/SlUr71JnS92YkeGCo4zn7g
126,"荧屏养“狗”指南：男星颜值高，还要够带感",https://mp.weixin.qq.com/s/CidTwtmhZHEbGnwqYa5d5A
127,"娱乐资本论招聘持续进行中",https://mp.weixin.qq.com/s/OnZtgoftsNN32fbzGI9n0Q
128,"流水暴跌95%，排名掉出150，《世界之外》把姐妹们全得罪了",https://mp.weixin.qq.com/s/sSSQ1vg2ugtGe4_xQ5j3ww
129,"科幻电影变现实：AI“察言观色”、数字人替身来开会 | 7月互联网专利盘点",https://mp.weixin.qq.com/s/EPk6vEddT-4mEw5n_ekdNg
130,"优酷小卡如何炼出“卡牌长线力学”？",https://mp.weixin.qq.com/s/qLZj0bgyV9YcuHyRbZ8yrA
131,"全员病友穿书发疯，神妖组队破案飞升｜本周短剧红榜",https://mp.weixin.qq.com/s/tB5jhx4vJYiWzaOO2GODIg
132,"北美短剧：假新闻、热钱和一比一复刻｜短剧新大陆②",https://mp.weixin.qq.com/s/fV8lPAUAMA_V0_XxhzgYXQ
133,"七月流火|小娱月报",https://mp.weixin.qq.com/s/SGFakHpMdHkurm58fFLuZQ
134,"烧掉上亿狂跌86%的《解限机》，栽在上宣错位和匹配灾难？",https://mp.weixin.qq.com/s/q339CLmKycv6VteuoQ189w
135,"虎鲸文娱的235个招聘信息里，全是“新物种”｜人才风向标",https://mp.weixin.qq.com/s/75NiG_Oz3N2Gbv00ohJEUA
136,"短剧CP的30亿密码，长剧也开始学了？",https://mp.weixin.qq.com/s/fiiJr6-rbMxQ1ECqaer6EA
137,"从奇幻捉妖到越狱求生，短剧重构同性叙事｜本周短剧红榜",https://mp.weixin.qq.com/s/nQqhhSGV5mVCaTFJnWKjBQ
138,"当金币雨席卷“刺激之夜”，“地铁逃生”从玩法变成一种文化",https://mp.weixin.qq.com/s/FyG69Iiv_ZLa3peQUdarxA
139,"AI效率碰撞人性温度，金触点营销大奖猎寻年度黑钻案例",https://mp.weixin.qq.com/s/D1Ux1CzSkZs47dtvdQn-GQ
140,"腾讯音乐Q2财报：好内容的含金量还在上升",https://mp.weixin.qq.com/s/aG8BrxvFtV8w9mARfZFoVw
141,"从打工人共情到亲子向爆款，浪浪山IP破圈记丨解码IP衍生",https://mp.weixin.qq.com/s/Onb39V6vaZG4vRqgPp4Kvg
142,"耀客安丽娜：看见每一位演员的可能性｜十佳青年艺人经纪公司",https://mp.weixin.qq.com/s/JUa2PsJLk4uj_fHa9CMeaQ
143,"横竖屏两手抓，动画狂降本，腾讯视频招聘全知道｜人才风向标",https://mp.weixin.qq.com/s/xstrwmIfuMlzaoBiPSYe8g
144,"从「野蛮生长」到「质效双升」，短剧产业升级进行时",https://mp.weixin.qq.com/s/Yc2pBeKhu6I6qjaTSKC4UQ
145,"不止爆款、更是格局，腾讯视频暑期档剧集的多元解法",https://mp.weixin.qq.com/s/66pBji2Kp73MFOVlA752Ig
146,"斗鱼扭亏为盈，游戏内容平台的「可持续发展样本」｜财报解析",https://mp.weixin.qq.com/s/GV8vu_Hnx9spB0cMiqbJJQ
147,"合作20年后，为了12万耐克起诉陈冠希旗下潮牌店",https://mp.weixin.qq.com/s/FbbTl6kgA2OXvodnl6_Gtg
148,"对抗路夫妻商战博弈，半百老头种田致富，经商成爆款元素？｜本周短剧红榜",https://mp.weixin.qq.com/s/r6AoHtkB_f5OTFLb9L8Whw
149,"不止 “接流量” 更要 “造流量”，平台明星争夺战叒升级",https://mp.weixin.qq.com/s/8cvMBtDiUIfeKljeLCfOtQ
150,"20万张原动画，15万人买谷，罗小黑IP的双轮驱动｜对话主创",https://mp.weixin.qq.com/s/V1nEflR9pbZErmkYf11Knw
151,"专访易凯资本王冉：短剧今天的用户时间占比与商业价值不匹配",https://mp.weixin.qq.com/s/KzBuSje2m1iOsSBR8mKxkQ
152,"新政松绑？111部积压剧迎来春天丨203亿投资全盘点",https://mp.weixin.qq.com/s/LmwRNEa-ogl2CRyMivIUww
153,"大女主训野狗，双穿换命致富，反套路逆袭｜本周短剧红榜",https://mp.weixin.qq.com/s/5WrzwoDRWVYxQSHMyjm8fA
154,"从赵丽颖到肖战成毅，演员平台评级一图全鉴",https://mp.weixin.qq.com/s/HgQlQgFSFP1cSbj2B5ZvyA
155,"20家头部基地大PK，谁能撑起影视产业新周期？｜全国影视基地版图",https://mp.weixin.qq.com/s/kG5dNbrT7qlpbrzEmlYtUQ
156,"寻找内容+消费新增长点，这个暑期档优酷不一样了",https://mp.weixin.qq.com/s/N2OKc9TF9alfIPb0eSTZQw
157,"山东话的胜利！《生万物》的方言营销不孬在哪里？",https://mp.weixin.qq.com/s/y9sS3Cy60MxSbV399PUBeA
158,"彩带场、牵手场、为爱鼓掌场，七夕档营销卷却无用",https://mp.weixin.qq.com/s/wMk8QW6ryZk03cj-4apFZg
159,"从AI工具到AI原生：三七互娱的AI进化论",https://mp.weixin.qq.com/s/MfiexmY53ZHq3jsr1u6ZKg
160,"从影视OST到爆款音乐厂牌的进化，恒星引力音乐工厂的破圈之路",https://mp.weixin.qq.com/s/NjzdTvdzx8hgyvqfmuBrvQ
161,"15s的抖音舞，线下商家增长的「快捷键」？",https://mp.weixin.qq.com/s/FqOW5t5YWEp8qXH7i_dnYg
162,"未成年追星的AB面：从“时团粉灯海”到“家长等候区”",https://mp.weixin.qq.com/s/2iHXNTaiKbu-ogbzgxcO6w
163,"黑老大、伪骨科，欧美女玩家终于吃上国乙细糠",https://mp.weixin.qq.com/s/onV1etDMhUKSUIq7-uzbeQ
164,"守得住家族感，玩得了新花样，《王牌对王牌9》还是那个国民综艺",https://mp.weixin.qq.com/s/IKmiZ4Iihdh1A-O8JEiV2Q
165,"《云渺》一年五季，《太奶奶》续季双破亿，短剧的尽头是系列化",https://mp.weixin.qq.com/s/g5wIIIVRE37Upp9WmhJEJw
166,"从男频到全民，《凡人》IP修炼手册｜对话王裕仁",https://mp.weixin.qq.com/s/dcoOlz3l9VBarw65ojN9cA
167,"游戏反作弊加上AI，就不怕外挂升级了？｜8月互联网专利盘点",https://mp.weixin.qq.com/s/RjY8_HkYReWg28nS_UNzIw
168,"“电视剧导演高级研修班”4期导师发布，学员延伸服务体系全面升级",https://mp.weixin.qq.com/s/dZ4FNZy-g_lL8Oh_76lsXQ
169,"研究完20+半年报后，我们梳理出联名成功必备公式",https://mp.weixin.qq.com/s/kMOpIYsvSl3y3T2FLdpGyQ
170,"从战鹰到芙宁娜，虎扑女神越抽象，田曦薇章若楠女粉越轻松",https://mp.weixin.qq.com/s/lOKXBUnpYRC-2HKXrHi4sg
171,"一线中产看恋综，三线以下捧“王婆”，谁才是婚恋综艺之王",https://mp.weixin.qq.com/s/O8YPWGmY5NmvGAVowR7ztw
172,"揭秘苏超官方盲盒幕后操盘手，「守伴王国」到底什么来头？",https://mp.weixin.qq.com/s/3GdPWrRH_Va9IHKmIIqb3g
173,"B站乐华集体瞄准，国内地偶加速进行时",https://mp.weixin.qq.com/s/JGi2HTP74hR-kDkuhhWtFQ
174,"IP联名之外，中式毛绒需要长期主义｜对话问童子",https://mp.weixin.qq.com/s/NqCtZEWMd4mNHTJfbX4wVA
175,"3000万榜一和团播主播都有CP粉了",https://mp.weixin.qq.com/s/ByzndnpSt1j-j-vrMmXUAg
176,"八月，盛夏｜小娱月报",https://mp.weixin.qq.com/s/Q7NNNjgUFVqByqmwm-vUBA
177,"8月招商盘点：爆款招商力《生万物》逆袭，淘宝闪购霸屏暑期余热",https://mp.weixin.qq.com/s/EDV5hFXLjw6KYpNrhlZCnQ
178,"重生+反赌爽感加倍，青梅竹马靠小演员出圈，元素叠加才是秘诀｜本周短剧红榜",https://mp.weixin.qq.com/s/7URAxCiYi7hFeyvmwxK_ZA
179,"从歌手到超级 IP：王源用演唱会定义 “情绪经济”｜对话王源演唱会幕后",https://mp.weixin.qq.com/s/VjOw1TnEm94IAJUdwI_tUA
180,"1vN疯批修罗场，霸总反杀财迷小娇妻｜本周短剧红榜",https://mp.weixin.qq.com/s/NMKvKm0zDY549VJFl9EKnA
181,"撕开偏见，听潮阁带来「音乐行业新叙事」",https://mp.weixin.qq.com/s/Zloj6CLuxZ5rB-Ggc5NRmg
182,"175个岗位技术类超四成，帮你画好B站求职重点｜人才风向标",https://mp.weixin.qq.com/s/fqGgROpvsWALP0LK4pH7eg
183,"国乙“哑巴新郎”扩列，谁夺走了纸片人的“声带”",https://mp.weixin.qq.com/s/9atQFXwHXjPf2RWoFdHSsg
184,"美团淘宝打进厨综，“黑珍珠”“拼好饭”卷成新玩法",https://mp.weixin.qq.com/s/Mbppd-2SxT0IvFHAR-oX9Q
185,"喊叔圈“老婆”，写女星“梦文”：Z世代的大型自我投射现场",https://mp.weixin.qq.com/s/QAB8qn0Rj3uloDPHWn1oJg
186,"刚当上全球首富，甲骨文太子又盯上华纳兄弟探索",https://mp.weixin.qq.com/s/pLC7-KtgvScvDpZl4r9DQg
187,"番茄小说勇闯“谷圈”",https://mp.weixin.qq.com/s/Ke0-T2wDEwTuOTKz2obPaA
188,"《目之所及》冷盘突围，低容错时代的精品长剧之道",https://mp.weixin.qq.com/s/c5vFMHNtWcBf0vt2lBZvsQ
189,"启动演员合作，剧本政策升级，深度解读红果短剧两大新动作",https://mp.weixin.qq.com/s/66Grk7RdGc_y6jnNxShMGg
190,"2025明星带货力排行榜：时代少年团声量破千万，转化却不及龚俊单人？",https://mp.weixin.qq.com/s/ExM6S-k2oftHfHAVhqjRew
191,"捕捉暑期档几束高光，解码现实娱乐的未来",https://mp.weixin.qq.com/s/jif7TcUJr9pLMpbOs_QvRg
192,"智能潮玩崛起：当IP被技术“唤醒”，玩具该如何进化？",https://mp.weixin.qq.com/s/DDb4GWfB40AYPtpbIOifSg
193,"《盛世天下》靠自来水卖百万套，带领互动影视走出新手村",https://mp.weixin.qq.com/s/GhzBioG2k-fZ-PTK15eXPw
194,"AI漫剧元年：日耗千万、产能狂飙，谁在引爆下一个千亿风口？",https://mp.weixin.qq.com/s/GmwK7hMQ8WMHBa0CPP66vw
195,"2025 中国授权行业趋势大会嘉宾阵容全公开！精彩活动席位有限锁定从速",https://mp.weixin.qq.com/s/G2pJYnIE4i086sNujXPgwQ
196,"16位明星主演电影盈利预测：千玺丽颖易赚，肖央贾冰常亏",https://mp.weixin.qq.com/s/M3wDohPCZo2V9byyMImnPQ
197,"日本停播韩国缓慢，为何4K电视只在中国一枝独秀？",https://mp.weixin.qq.com/s/ur3c7mkUIay03OBeAvihrw
198,"《k线成长记》引发圈层热议，长视频+视频号发力短剧有了新支点",https://mp.weixin.qq.com/s/-2R2nbVrqidApjgkWA-n5A
199,"60个IP金字塔排名，谁是真“好饼”丨业内大调查",https://mp.weixin.qq.com/s/x10SPVAB52aZQc_kTqoykQ
200,"米未10年的内容答案，在《喜人奇妙夜》的每一个舞台里",https://mp.weixin.qq.com/s/iXBSzF8i96E9L6y0JMkVYw
201,"国庆档预测：等一个救市的“爆款”",https://mp.weixin.qq.com/s/MJH4F92Gbjn96PzIMCUD6A
202,"专访《三更雪》导演周九钦：讲故事与立人物是爆款内容共通的核心",https://mp.weixin.qq.com/s/27rWIHzAgJGOngYzSplEFg
203,"金秋九月｜小娱月报",https://mp.weixin.qq.com/s/xK98t-xICLynmwJJzm9iDg
204,"2025，音乐行业如何突破困局？",https://mp.weixin.qq.com/s/w0WfW-fpz9JV4RhTnCUY0w
205,"《猎魔女团》全球大卖，中美日资本谁在背后狂赚",https://mp.weixin.qq.com/s/P7ATJNAiwpexPvJw01wJVw
206,"张挺：历史剧不是拍“二十四史”，拍的是当代人|专访",https://mp.weixin.qq.com/s/1EUx3sCIEQzzDL6BG-xvaA
207,"电影国庆档没有“救市主”，大跌回到十年前",https://mp.weixin.qq.com/s/l8cxrt7swFOuebo9Nzh1Tw
208,"刘萧旭郭宇欣领头300+短国演员，长短剧公司陷“签约战”",https://mp.weixin.qq.com/s/DAP21S_jg_zxuBUmKvO7pw
209,"动森like赛道上演“三国杀”，腾讯、米哈游、网易谁能突围？",https://mp.weixin.qq.com/s/rINxRrBKfnaSBv_fGJDFOw
210,"五月天卜卜单品GMV破千万，明星IP缘何成为衍生品新宠",https://mp.weixin.qq.com/s/4jEyAKkwojCoYJHWDXjvjA
211,"从盲盒到千元布料卡，《赴山海》3000万GMV定义长剧IP｜解码IP衍生",https://mp.weixin.qq.com/s/jACteOX1k6bHXxKk3D_gMQ
212,"3个篇章，40+作品，优酷动漫年度片单背后藏着一张什么牌？",https://mp.weixin.qq.com/s/VC9-xA5DLBAR2yqxMJF09Q
213,"万物皆可联名，IP谷子大爆发，吃谷妹先扛不住了",https://mp.weixin.qq.com/s/2WNbgsvzezbEPFFBevLrNw
214,"男演员“自嬷”是进步还是扭曲？起底内娱男性审美的激进转向",https://mp.weixin.qq.com/s/t7LOVwaV5b6aRqhBKwNaUg
215,"我们在16部新综中找到了用户共鸣的最大公约数",https://mp.weixin.qq.com/s/TiH66gPeVW6Laj_iU4wWvg
216,"游戏会读心，直播会怼人，AI会呼吸|10月互联网专利盘点",https://mp.weixin.qq.com/s/ae5yzJfSBeaA6KyVdnhGow
217,"大屏才是长视频真正的未来丨重回大屏①数据篇",https://mp.weixin.qq.com/s/mtpn868nRqHCwnyBz4AsPg
218,"从少儿盲盒到打工人痛车：猪猪侠的IP破圈记｜解码IP衍生",https://mp.weixin.qq.com/s/7q2oDewSmzxPHsneSSwePw
219,"从柯淳到刘萧旭，短剧演员被谁“锁”了？",https://mp.weixin.qq.com/s/AlA933cSajrwQLfKtXxW6w
220,"苦等《庆余年3》的观众，偷偷看男频短剧去了",https://mp.weixin.qq.com/s/Icf9j6Y3BFH_oHWNUC8fbA
221,"悬疑烂尾、霸总失灵，“广电21条下”观众要的新口味来了",https://mp.weixin.qq.com/s/pYvWyQwgagdV9bP_QQmAhg
222,"文与旅各唱各的戏，才有了乌镇戏剧节的12年｜黄磊专访",https://mp.weixin.qq.com/s/gkuV455UJYUKE0t4Koya2A
223,"《王者荣耀》IP十年：1.39亿DAU里长出来的“游戏经济”",https://mp.weixin.qq.com/s/y5vrnGNeLlkml1OeTRAvEQ
224,"专访16家公司：2025年IP授权风口在哪里？",https://mp.weixin.qq.com/s/uoia3mrT_4v9IblJ3x7Kbw
225,"腾讯视频剧集：用好故事激发内容的长效生长",https://mp.weixin.qq.com/s/hsMZv6xezo9TZX4050o3xg
226,"被忽视的2200万块酒店屏幕等，催生60亿新市场丨重回大屏②商用篇",https://mp.weixin.qq.com/s/juxSC4GjhWTK8UnPt0uNXg
227,"2600+IP齐聚，国际展商增长65%，在授权展感受IP热",https://mp.weixin.qq.com/s/rPlrNPLn50vo08I5zPhrGQ
228,"网易互娱连走三人？丁磊对广州藩王的精准切割",https://mp.weixin.qq.com/s/apnHWNm_fXwvH-aGlPM8ZQ
229,"AI原生影视工作室，定义未来内容创作范式",https://mp.weixin.qq.com/s/NUPW2RLeFW40hb69AZgMyw
230,"“长剧短剧化是饮鸩止渴，大屏更需要沉浸感”丨重回大屏③内容篇",https://mp.weixin.qq.com/s/dHgBcKHB4qwsnuJTr_Wq_Q
231,"为什么企业家都热衷上视频播客",https://mp.weixin.qq.com/s/YG4sSmleSugnNbxkLxXBSg
232,"电话接进元宇宙，照片一键生成数字人！｜11月互联网专利盘点",https://mp.weixin.qq.com/s/spqLwn8sThNAqT5CYtW86A
233,"电影票房千万，盲盒销量仅30+，初音未来的商业“双杀”｜解码IP衍生",https://mp.weixin.qq.com/s/20rZapUPBxx18c3MugHJJA
234,"王家卫秦雯的错，错在不够工业化，更不够科技化丨河豚社论",https://mp.weixin.qq.com/s/grR-KXCCRPq42K1HvIP9ZQ
235,"韩国短剧“新三宝”：idol、十九禁与出海跳板｜短剧新大陆③",https://mp.weixin.qq.com/s/n1A1dWuPQlRRzi7lYhH2iA
236,"谁帮喜人续上了资源？｜80位喜人经纪公司盘点",https://mp.weixin.qq.com/s/BslXw93RdhQlOsexFFBjiw
237,"IP食玩龙头冲刺IPO，115亿赛道面临“四重困境”",https://mp.weixin.qq.com/s/-vlVfnQX7Ywe1uej8mPjvQ
238,"我是如何被一个游戏皮肤，害得没了学费和女友的？",https://mp.weixin.qq.com/s/aIhmF0qLprDnJQD8WpKYBw
239,"70%不做剧植、中插跌86%，剧集招商需“新招”",https://mp.weixin.qq.com/s/PrehF9xF-sOptoIeB23gnA
240,"窦骁赘婿被嘲：豪门婚姻成了打工人叙事",https://mp.weixin.qq.com/s/36pNyzHgx_hVcm4cggwL8g
241,"好莱坞大变局：派拉蒙欲买华纳、苹果加码、特朗普力推",https://mp.weixin.qq.com/s/078FSSiDELntUWRyIYxdKg
242,"枫红十月｜小娱月报",https://mp.weixin.qq.com/s/XGYyLKeu2UzeRvX5HoyM8w
243,"国乙2025：舍弃二次元，奔向现充人",https://mp.weixin.qq.com/s/KYe0No1-MS2Kpt7grSzCPQ
244,"品牌投剧的新逻辑，都藏在《新闻女王2》里",https://mp.weixin.qq.com/s/lvqC0eyzpuq_s2d8fMMCng
245,"快手漫剧再加码，短剧赛道的成功可被复制吗？",https://mp.weixin.qq.com/s/YC_92F1fEyNHh_XE96AFDA
246,"2025为何流行“咸鱼美学”？",https://mp.weixin.qq.com/s/2H1XuWpKDTFW6Nw_ggv7qw
247,"日薪3万降到1千，郑州短剧导演猝死在转行后",https://mp.weixin.qq.com/s/tf1nfb-O4_Ysx7Q3Jiw9gg
248,"翁青雅翻车后，我采访了5位失望的恋综死忠粉",https://mp.weixin.qq.com/s/CdQRALSQSzqMUTtKgYWnWQ
249,"四部古偶一个招商擂台，龚俊罗云熙成毅侯明昊谁能抗剧？｜10月剧集商务总结",https://mp.weixin.qq.com/s/plAyE-bTJ96Tb_zcYT1m8A
250,"京东11.11惊喜之夜：重塑电商大促的“情感价值”",https://mp.weixin.qq.com/s/-878Pjp4IwMH1Tchgj6QQw
251,"从瑞幸咖啡到万达影城，鬼灭之刃引爆IP新增量｜解码IP衍生",https://mp.weixin.qq.com/s/ELcbUrGhvcG3xTnIDvZ2KA
252,"破圈、再爆，AI成了IP联动的新“神话”",https://mp.weixin.qq.com/s/Rft_FhVZ9RNoG2wjjSvaNg
253,"《入青云》逆光突围，背后的拾上影业用三年写出“确定性”",https://mp.weixin.qq.com/s/Hj9piKx29l5kQRmVqeueZQ
254,"突围参数迷宫：双11卖爆的电视，为何都贴上了“帧绮映画MAX”标签？",https://mp.weixin.qq.com/s/6Z6dDwdb0cHMITd8JeLVaQ
255,"告别仙侠内卷，题材多元化是国产动画破局的关键",https://mp.weixin.qq.com/s/xhAkF9Sh2O-Sb6fmuj3w_w
256,"十余家平台“跑马圈地”，单部超百万保底，AI漫剧爆发中",https://mp.weixin.qq.com/s/rr3SDnh0HktqQmCfUKWfZA
257,"解密虎鲸超越班：一个给青年演员“发工资”的伯乐",https://mp.weixin.qq.com/s/A-h8alug8I9nupb9TNoeyA
258,"从“影视梦工厂”到“全民片场”，横店的产业升级样本",https://mp.weixin.qq.com/s/3TCEWWrCZ7IqTBUcHPGHcQ
259,"上市公司集体撤离电视剧，主投主控成过去时",https://mp.weixin.qq.com/s/XSsE9BJNLdpj5fHm5anJ3w
260,"当日本电影消失，布鲁可华立等的财报谁会最先“感冒”？",https://mp.weixin.qq.com/s/YbRj632Ko6Rud9GrYgNk3w
261,"易烊千玺拿金鸡影帝不稀奇，他未来能拿10座丨河豚社论",https://mp.weixin.qq.com/s/W8zDr0cDjVzC5-15QZBPPQ
262,"首日售出10万份、2分钟即可生成，可灵AI如何落地亿级用户场景？｜独家",https://mp.weixin.qq.com/s/Aa7eFF2wKGCrDLIok07AbQ
263,"只待新雷！娱乐资本论 CEIS 2026暨「金河豚」荣誉推选正式启动",https://mp.weixin.qq.com/s/6SI-kO-_L_l_z7zKG4fjqg
264,"投抖+、撕排片、蹭金鸡，易烊千玺粉丝的建议《狂野时代》为何没听？",https://mp.weixin.qq.com/s/1dEzry793PvIpcdSPvssZA
265,"何美延的“飞衣”被谁偷了？《再见爱人5》用一条头巾戳中婚姻痛点",https://mp.weixin.qq.com/s/rki3VHq3ZzbfXEG0Kw0xhg
266,"女频化、抽卡师、全面出海：AI漫剧的十大趋势",https://mp.weixin.qq.com/s/Z8ahwCatZvO3VTkjT7GBRA
267,"品质与爽感兼具，《大生意人》走出一条“不老派”的传奇剧之路",https://mp.weixin.qq.com/s/pFtHVfh4ctCwRPSHiq0hmg
268,"优酷连续三季盈利，精品化成流媒体“脱困”样本",https://mp.weixin.qq.com/s/nDxr5u15ymXmKrvzB-XnAQ
269,"行业洗牌期盈利回暖，斗鱼「垂类坚守」换来了什么？",https://mp.weixin.qq.com/s/degYYeBb0n1lstwk5JV5zw
270,"田栩宁梓渝的流量与反噬：甜玉米卖爆2000万，黛珂BKT等遭不满",https://mp.weixin.qq.com/s/eh18uGgW2qfoSglMcB7K0Q
271,"只待新雷！娱乐资本论 CEIS 2026暨「金河豚」荣誉推选正式启动",https://mp.weixin.qq.com/s/rUPpLYuM6Ya0HQuDlp6tDw
272,"爱腾芒超车Netflix，东南亚流媒体格局反转（内含福利）",https://mp.weixin.qq.com/s/HBTg_-pqVE7aAfcqxWimbg
273,"《疯狂动物城》70+联名品牌战，瑞幸、52TOYS凭什么霸榜？｜解码IP衍生",https://mp.weixin.qq.com/s/EZE-2uDRBMqj7oDZzbjRMg
274,"《疯狂动物城2》引爆上海迪士尼，好故事如何赋能线下乐园？",https://mp.weixin.qq.com/s/_Edx6Zvvsf3VFPLg_miHYQ
275,"只待新雷！娱乐资本论 CEIS 2026暨「金河豚」荣誉推选正式启动",https://mp.weixin.qq.com/s/vvglAHOlNWJFHGgzC-V0Vw
276,"《三国的星空》果麦投4000万全亏，光线却不亏？（内含福利）",https://mp.weixin.qq.com/s/o8xeUd5lUucQb1hRcAflxw
277,"只待新雷！娱乐资本论 CEIS 2026暨「金河豚」荣誉推选正式启动",https://mp.weixin.qq.com/s/vQQ4AFc_iDRIM17aWCB76w
278,"AI掀起影视创作权再分配，腾讯视频广发“英雄帖”",https://mp.weixin.qq.com/s/Xboqo0JDJN2jcws3a3FuaA
279,"只待新雷！娱乐资本论 CEIS 2026暨「金河豚」荣誉推选正式启动",https://mp.weixin.qq.com/s/4tuiCqNkcMhI3U4M4d64UA
280,"私域收徒、社媒起号、AI辅助，玄学消费的智能时代",https://mp.weixin.qq.com/s/7K34d7UuoGYTCLuDzFkarA
281,"首届红果创大现场直击：短剧创作者如何“开花结果”？",https://mp.weixin.qq.com/s/roatZ75Ln0q38NFSGmhq8g
282,"冬季档跑出“小黑马”，《狙击蝴蝶》成满足观众情绪的“电子羽绒服”",https://mp.weixin.qq.com/s/LiZvaiFDxWI6hyZ5JZU71A
283,"爆款率过半、算力成本仅20%，通义万相模型“跑通了”AI漫剧",https://mp.weixin.qq.com/s/Z5wZyAnWRlSmVfm_5zh-Dg
284,"爱潮玩更爱拼豆，“狐兔CP”背后的新情绪经济",https://mp.weixin.qq.com/s/KjTAeSoTTF9jNVTYaSRwbA
285,"重构“短剧神话”AI漫剧，谁将拿走最大的蛋糕？",https://mp.weixin.qq.com/s/UIu1Wlslaf47tmKoXsPaYA
286,"双高胎杂志破百万，张兴朝拿下10个品牌，谁是喜人商务顶流？",https://mp.weixin.qq.com/s/5CNorvHpKa3zjN_XOqfwBg
287,"Netflix买华纳生变：派拉蒙截胡，特朗普授意？",https://mp.weixin.qq.com/s/2y8g9owNu02AT5PqTYUzAw
288,"为什么连倪妮热巴刘浩存，都无法拯救尾鱼IP？",https://mp.weixin.qq.com/s/CFcXKn_yc28Fl-dwElY0-A
289,"掉粉45万的散人与次世代游戏的性别困局",https://mp.weixin.qq.com/s/JlY8TtLXYX-k1OOKSjIQvw
290,"Netflix827亿美金收购华纳幕后的七个问题",https://mp.weixin.qq.com/s/oaobJQUT6ldUFplM7OfV1g
291,"综艺导演转型直播，用10万成本赚百万流水",https://mp.weixin.qq.com/s/9K8HiGrL1PXrCtDznIB3LA
292,"腾讯为何也要买华纳：引入HBO、参投哈利波特或纯财务？",https://mp.weixin.qq.com/s/gpWNtuFN4cmW9hLUMBWXJw
293,"爱奇艺如何用AI评估剧本角色的爆款潜力？｜11月互联网专利盘点",https://mp.weixin.qq.com/s/805Xf55gaa4uNv7H64XA1Q
294,"不靠起诉靠投资，迪士尼10亿美元入股OpenAI，那爱优腾呢？",https://mp.weixin.qq.com/s/fNKB2A7NiWtlhuOSnAqkfw
295,"爆款短剧《夺娶》、《婢女》背后：对话“女性情绪捕手”吴承哲导演",https://mp.weixin.qq.com/s/MMWQfyFLoEe1Knu8expSSw
296,"长剧市场的韧性范本，《大生意人》稳势收官",https://mp.weixin.qq.com/s/oSAIz6VGLQPuNX4Cm4_Hrw
297,"听花岛：去年从从容容，今年气喘吁吁 | 年刊节选",https://mp.weixin.qq.com/s/ra_KpeccQ1sjXKEzvOfP-w
298,"录音哥、00花刷屏背后，这家公司为何总能精准产出爆款？",https://mp.weixin.qq.com/s/0e1qr07VLTcpOaJkpG9YZw
299,"奖项征集 | 娱乐资本论 CEIS 2026暨「金河豚」荣誉推选正式启动",https://mp.weixin.qq.com/s/oFUnwcibPMKjqyhxB8PGKA
300,"凛冬｜小娱月报",https://mp.weixin.qq.com/s/NFwxe1jnBcGOhWTHTH8KTg
301,"从综艺到团播，我都经历了什么丨宋秉华自述",https://mp.weixin.qq.com/s/silFMQT_ctYVFnDVgRnrXg
302,"“脱粉”热搜后，我听了6位王俊凯粉丝的心碎与坚持",https://mp.weixin.qq.com/s/ih0D-e0GgZVQjxrHgbJmZQ
303,"2025金触点大奖获奖名单揭晓",https://mp.weixin.qq.com/s/EeCLBK85IILBzbzpkqmcPQ
304,"奖项征集 | 娱乐资本论 CEIS 2026暨「金河豚」荣誉推选正式启动",https://mp.weixin.qq.com/s/rpvOe_cgKFZOQ2wpmXvPvw
305,"奖项征集 | 娱乐资本论 CEIS 2026暨「金河豚」荣誉推选正式启动",https://mp.weixin.qq.com/s/_8BhaZuA3dVVMRUiVSWD8g
306,"泼天的“吃瓜”流量，为何救不了红楼梦的改编路？",https://mp.weixin.qq.com/s/fPVkAllIC_xdaPc9eWaD0Q
307,"奖项征集 | 娱乐资本论 CEIS 2026暨「金河豚」荣誉推选正式启动",https://mp.weixin.qq.com/s/ddCEXlCZAiBLkNuVnXZrMg
308,"五大趋势连发，短剧2025巨变｜年终总结①",https://mp.weixin.qq.com/s/gxsynt5KeQmqtNBog2RKGQ
309,"娱乐资本论实习生招聘开始啦",https://mp.weixin.qq.com/s/nri3xegEgbX19lomC2ILVw
310,"叔萝CP姐狗恋“回暖”，朱亚文陈妍希赢在哪儿？",https://mp.weixin.qq.com/s/wOfVf7OE4mFZvKWfuui8ow
311,"“一姐”卡比丘翻车，76W月活疑注水百万收藏，“酸涩”长佩路在何方？",https://mp.weixin.qq.com/s/8sbfk9wBJI2WeaqbUctjeA
312,"200亿出海市场，谁在闷声赚大钱｜年终总结②",https://mp.weixin.qq.com/s/Ly77iNliOwfHlb6LPr0tKg
313,"大湾鸡化身全运顶流，赛会文创如何拿捏年轻人？|对话元隆雅图",https://mp.weixin.qq.com/s/jBx3Er3AKnS1B-OOSJpbJA
314,"番茄IP统治漫剧，古神嘴替撞上重生成鱼｜一周漫剧观察",https://mp.weixin.qq.com/s/GpyNY7vPMHrIj_t9j4T4VQ
315,"“广电21条”之下，长剧的安全感来自系列化开发？",https://mp.weixin.qq.com/s/hiSVKvil9tdHBh1N5wDWzA
316,"奖项征集 | 娱乐资本论 CEIS 2026暨「金河豚」荣誉推选正式启动",https://mp.weixin.qq.com/s/SdHDfDl9fRaqbw_OI21-pw
317,"奖项征集 | 娱乐资本论 CEIS 2026暨「金河豚」荣誉推选正式启动",https://mp.weixin.qq.com/s/SWFrkQsD_j0dj717kUF5vA
318,"奖项征集 | 娱乐资本论 CEIS 2026暨「金河豚」荣誉推选正式启动",https://mp.weixin.qq.com/s/j7GcETzIm7x5ZzGtXV1IMw
319,"喜悦、SK、听潮阁：新一代“平民偶像大厂”丨拆解TOP6娱播公会",https://mp.weixin.qq.com/s/40U1PpOjOiao_EFRy6LiFQ
320,"5月开拍，12月播出，豆瓣8.6，《反人类暴行》快工也能出细活？",https://mp.weixin.qq.com/s/SrqzwbTYoNT3i_TlPrWpDw
321,"奖项征集 | 娱乐资本论 CEIS 2026暨「金河豚」荣誉推选正式启动",https://mp.weixin.qq.com/s/uIDS_6rzYYguyBJ92-WXWQ
322,"7年不痒的B站跨晚 “拿捏”观众的不止回忆杀",https://mp.weixin.qq.com/s/X7CeI6pYpvrkgzh7k1RsLQ
323,"金河豚，「首轮入围」名单揭晓",https://mp.weixin.qq.com/s/-KZ4laZ6YJUtIUkNoJtiDQ
324,"库迪咖啡李颖波：从国漫《哪吒2》到小香风的粉墨巴黎，联名破圈的核心是什么？ | 年刊节选",https://mp.weixin.qq.com/s/X7N06sQC8FBgJ2Ncix4MRA
325,"金河豚，「首轮入围」名单揭晓",https://mp.weixin.qq.com/s/pMu5jQyiKi4UMwRaxxIaVw
326,"珀乐互动杨晟：AI时代，IP与合规数字资产是核心壁垒 | 年刊节选",https://mp.weixin.qq.com/s/VovoGynd52vnJbhWDxdDTg
327,"从创作到IP运营，本质都是一件事：为用户创造价值｜恒星引力CEO 王一栩",https://mp.weixin.qq.com/s/NMCitkzYGFAdazvIxGKWLA
328,"从《唐诡奇谭》，看系列剧IP如何实现“养成”？",https://mp.weixin.qq.com/s/XsxnhD9GMUUea4__PuAUyg
329,"短剧2025：题材爆发、创制革新，好内容的“长坡厚雪”",https://mp.weixin.qq.com/s/jlP2s6Ol3ttLsDWmI-uSkw
330,"AI漫剧集体兽化，日式福瑞重构中式叙事｜一周漫剧观察",https://mp.weixin.qq.com/s/-s6lQ1y64seJNYykxadpFA
331,"2025剧集行业走出短期博弈",https://mp.weixin.qq.com/s/T0x9ph64dUxK0mmiiAfrBQ
332,"2026年漫剧第一爆，陷入抄袭罗生门？",https://mp.weixin.qq.com/s/wCngpKNlrooPeRqZ6oSxZg
333,"听潮阁执行总裁邵恩庆：不止于语音，我们的个播转型与音乐生态｜年刊节选",https://mp.weixin.qq.com/s/XIdFbhFdq1ETO4qBkFmuDw
334,"漫剧进入秒爽时代，绑定丧尸末日恋爱｜一周漫剧观察",https://mp.weixin.qq.com/s/DuP78AtHAwO8OI1W84AiMQ
335,"现金流才是王道，2025文娱资本生存实录①",https://mp.weixin.qq.com/s/mWOvObgk0fMWdfRqN6Xr-w
336,"首批17位嘉宾确认出席 CEIS 2026中国娱乐产业年会暨金河豚荣誉推选",https://mp.weixin.qq.com/s/s7j4u6xEq5Zlve8pVvz32Q
337,"动画电影VS AI漫剧，产业范式转换进行时｜年终总结③",https://mp.weixin.qq.com/s/Wk3vz0kfBENsqPn4DLy_Pg
338,"爱奇艺杨向华：在海外讲一门长期的中国内容生意|年刊节选",https://mp.weixin.qq.com/s/S_MHnxl4sTryBAkuo9344w
339,"金河豚，「二轮入围」名单揭晓",https://mp.weixin.qq.com/s/t3fko5pTxNerbZORDjporg
340,"“超级内容”获天使轮融资：马斯克投资人入局，中文播客的商业化奇点已至？丨融资首发",https://mp.weixin.qq.com/s/TCBuPz-xHABDMuIrUc-EDg
341,"虎鲸文娱优酷刘燕红：与青年人才共同创作能与观众同频共振的好内容 ｜年刊节选",https://mp.weixin.qq.com/s/gUkfqHTruXJlkCdzY81V_Q
342,"倒计时6天，为什么你要来CEIS 2026？｜直击文娱产业4大“新风口”",https://mp.weixin.qq.com/s/RTtRMNAFh-G0JUKPyqZVxA
343,"想抓AI漫剧风口的年轻人，沦为培训班的韭菜",https://mp.weixin.qq.com/s/4wAkJXAGWEp9jvjk49NKQg
344,"倒计时1周，为什么你要来CEIS 2026？｜直击文娱产业4大“新风口”",https://mp.weixin.qq.com/s/het_hDboMePzIcYurWTtYg
345,"文娱AI的2025：一半是海水，一半是火焰 | 年终盘点",https://mp.weixin.qq.com/s/KpZ0r637GcVZ6rjwekYsCw
346,"首批17位嘉宾确认出席 CEIS 2026中国娱乐产业年会暨金河豚荣誉推选",https://mp.weixin.qq.com/s/PcKc06luSjKnDma66dxE1Q
347,"首批17位嘉宾确认出席 CEIS 2026中国娱乐产业年会暨金河豚荣誉推选",https://mp.weixin.qq.com/s/ZhACKL14EV_LcR5_K5seeg
348,"抄袭未完，骗稿又起：AI漫剧赛道再陷罗生门",https://mp.weixin.qq.com/s/5Wd3b7RVQeCoyph6h126pw
349,"专访洪啸：综艺重新探索全民性内容，将内容转化为多重变现的资产｜年刊节选",https://mp.weixin.qq.com/s/pfEaETPtNUC4hA1nO6m1_w
350,"麦芽传媒副总裁杨光伟：内容红利时代，坚持精品化才能穿越长周期｜年刊节选",https://mp.weixin.qq.com/s/2oTbYb5FzACaTIk39BijXA
351,"重估品牌预算，为何优酷人文是必选项？",https://mp.weixin.qq.com/s/JcW5x5k1qLw6pey-rHvGJg
352,"倒计时2天，为什么你要来CEIS 2026？｜直击文娱产业4大“新风口”",https://mp.weixin.qq.com/s/g0lQZ_I3EOFqlVB8iWGw5A
353,"声音克隆如何又快又好？游戏赠礼怎样“一键回复”？｜12月互联网专利盘点",https://mp.weixin.qq.com/s/PJn_AOBv5Z_PF2voqR2RfA
354,"系列剧招商走高，成毅《长安二十四计》优酷广告年冠｜Q4剧集商务总结",https://mp.weixin.qq.com/s/FKwsmq6sJrTyCkKP_iXngA
355,"金河豚，「完整入围」名单揭晓",https://mp.weixin.qq.com/s/yZVHyA7RGxZJavkf_saYZg
356,"大牌云集的《贪吃蛇》怎么就降维打击了传统短剧？",https://mp.weixin.qq.com/s/bKvJjqaXMGBl1YhCCX1rZw
357,"倒计时5天，为什么你要来CEIS 2026？｜直击文娱产业4大“新风口”",https://mp.weixin.qq.com/s/X3nrOWew8a1LWr98ERf0mA
358,"金河豚，「完整入围」名单揭晓",https://mp.weixin.qq.com/s/peflNF-n45WL-gfMPRkRBg
359,"内娱演唱会，从此有了概念天花板",https://mp.weixin.qq.com/s/s78G4uG8rII_4jMXyRDgjw
360,"赵丽颖谭松韵救不了仙偶“拼好剧”",https://mp.weixin.qq.com/s/WfK3vOhNyNFam-GLW91EDQ
361,"跳出玄幻内卷，乡村漫剧满足需求“空白”｜一周漫剧观察",https://mp.weixin.qq.com/s/BqCZk2kYWV1fRaimh0z_bw
362,"CEIS2026金河豚获选名单重磅发布",https://mp.weixin.qq.com/s/ze_0JBTYXGGsivHEsZWzIw
363,"“碾压老外”题材崛起，成流量收割机｜一周漫剧观察",https://mp.weixin.qq.com/s/Lv0oS4qnXU2BZ1OyhHfrtg
364,"一场属于「老铁们」的晚会，折射出快手直播生态的活力与繁荣",https://mp.weixin.qq.com/s/IsQ5r0DpIPgGTv0meDjrKw
365,"漫剧背后，其实是“AI+内容”的更大可能 | CEIS2026 现场实录",https://mp.weixin.qq.com/s/UG2fIZzueeg8Nts-xmKoqA
366,"熟男群像、烟火生活，《大叔罗曼史》把都市短剧拍出新质感",https://mp.weixin.qq.com/s/CQExGETKhr78yTpfO_qfIw
367,"卧底280亿《无尽冬日》联盟：都是从不玩SLG的现充？",https://mp.weixin.qq.com/s/czlGXpLZ_2EC91wy9M1LuQ
368,"马特•达蒙吐槽Netflix：算法“杀死”电影、摄影不再重要",https://mp.weixin.qq.com/s/XWp3llCRhNgtL_PHjbHJ-w
369,"要不IP要不IPO，泛娱乐公司只有这两条活路",https://mp.weixin.qq.com/s/JVUfS6qGLjThiXB93P9Q8w
370,"倒计时1天，为什么你要来CEIS 2026？｜直击文娱产业4大“新风口”",https://mp.weixin.qq.com/s/CgRYRlY_0qk3cj2lMnap-Q
371,"《骄阳似我》抵达人心，西嘻影业穿越周期",https://mp.weixin.qq.com/s/pXk4DVvJk92mvnta0raKsg
372,"从团队作战到一人剧组：AI如何重塑影视内容生产｜CEIS2026现场实录",https://mp.weixin.qq.com/s/gsDy9fuDFBVHC6mrluiSRg
373,"潮玩2026融资爆了？背后有三重隐忧与三大红利",https://mp.weixin.qq.com/s/P5Q1MdnRXwcI5A0IWwcb_g
374,"马化腾为何对长剧不慌张｜年终总结④",https://mp.weixin.qq.com/s/lHmb4gkyKQZIGIsnvEQDaQ
375,"AI真人短剧爆火背后：谁在重构短剧创作生态？",https://mp.weixin.qq.com/s/R_bfURCr7ciRXKHuKQFk7A
376,"预判2026：谷子经济主流化，娱乐营销圈层化 | CEIS2026现场实录",https://mp.weixin.qq.com/s/FhgTJWbFb1zrnTdCyGOvzQ
377,"电影迎来IP时代：小红书用“热爱”重构营销新可能",https://mp.weixin.qq.com/s/Lblh5vehynH31NMINuKzkA
378,"从勇哥到董宇辉，“失败”底色帮李亚鹏卖货近亿",https://mp.weixin.qq.com/s/gYj-_L3AdEeZhV7eXvnmKA
379,"“蛇题材”C 位出圈，4 部作品霸榜背后的流量密码｜一周漫剧观察",https://mp.weixin.qq.com/s/a3dWNn6NZ_LLTL6sxGN4Wg
380,"灵矩动漫：2026年，中台能力将成为漫剧公司胜负手 | AI（漫）剧50",https://mp.weixin.qq.com/s/9E5KtQN1b6ibhklR4DAE3Q
381,"漫剧已过时？AI解说夯？日消耗占大盘7成，成本仅漫剧十分之一",https://mp.weixin.qq.com/s/mviB90XVv4d76mDZHKS_nQ
382,"兴艺凯晨：从番剧经验到AI真人，“内容-流程-渠道”打法是关键｜AI（漫）剧50",https://mp.weixin.qq.com/s/Pnq4AUCCjwgZXTaAKAU8Xg
383,"2026明星私域消费力排名：张凌赫拉完了？",https://mp.weixin.qq.com/s/vwxcSau5EX7RLFK_g910Qg
384,"“美食官场”“兽世幼教”，漫剧爽点的新思路｜一周漫剧观察",https://mp.weixin.qq.com/s/4X7Nl0WRj8fHgpyFIek05Q
385,"爆款率仅1%，2026 AI漫剧还赚钱吗？｜沙龙实录",https://mp.weixin.qq.com/s/2A2tEzM_5cu0CU_v5BSiIg
386,"00后的欲望与压抑，藏在12888部漫剧名字里",https://mp.weixin.qq.com/s/kcWFntas9zS0aZowlyjOhQ
387,"魔方集团：市场上升期，没人能确保不会掉队｜AI（漫）剧50",https://mp.weixin.qq.com/s/rYtouuPYKgkFDelzT3OaSg
388,"花笙漫剧：AI基础生图师会最先被AI取代｜AI（漫）剧50",https://mp.weixin.qq.com/s/7S6l6Y7M51j71z--IthYQQ
389,"友和文化：2026女频向爆发，出海依靠YouTube｜AI（漫）剧50",https://mp.weixin.qq.com/s/Rq4axLMllMnmpP6PiNIMlg
390,"王楚然AI剧宣争议：艺人AI规则是什么丨观点大辩论",https://mp.weixin.qq.com/s/gnI2gLb3wBiPA_3suGhAfg
391,"人人“马上有金”，《和平精英》地铁逃生打造赛博新民俗",https://mp.weixin.qq.com/s/7wEk19e6pT-g60XzeKI6xw
392,"每个都价值百亿！Seedance的十大杀手级应用场景",https://mp.weixin.qq.com/s/RoPKsTuutAA1FeeKQW6v0w
393,"破局内容消费深水区：AI重构漫剧行业",https://mp.weixin.qq.com/s/0tBtYFp1ZbJ6JKCWr3JimQ
394,"AI营销乱成一锅粥，就等豆包春晚憋大招",https://mp.weixin.qq.com/s/4zjcZZ2c7XVcpkdUOm4MPg
395,"一月，肇启新元｜小娱月报",https://mp.weixin.qq.com/s/keWDAx6vDH1VDMAwaLTgfA
396,"“大婆神教”谢幕：当掌握话语权的00后开始同情“小三”",https://mp.weixin.qq.com/s/og0yYYSuo5d-n_ZNT0VL3A
397,"春节，B站支了张“不用假笑”的桌",https://mp.weixin.qq.com/s/gPZXLfit1kbBhw-uh1KxVg
398,"网络文学“养成”爆款短剧，好故事为什么总来自小说？",https://mp.weixin.qq.com/s/3hxuHdeYL3HCiAZMw3adNQ
399,"在时代的风里，守住创作的手艺｜对话梁振华",https://mp.weixin.qq.com/s/OTBSqhdOk_8wKIUtGGycEA
400,"大盘暴跌37%，《惊蛰无声》势超20亿，春节档票房全预测",https://mp.weixin.qq.com/s/5y_EghZLydlCm6VSZxnfDQ
401,"春晚赞助商换了一拨：机器人5亿，追觅2亿，潮玩卡牌上桌",https://mp.weixin.qq.com/s/cp2BhVJCnA7ATosrlV2jLA
402,"连冠十台春晚、含广率40%，各大AI厂已放弃“人味”",https://mp.weixin.qq.com/s/3lXHxbxKI-Jr1wWjAKHvdQ
403,"这个情人节“工业糖精”失效，大家在恋综里找自己",https://mp.weixin.qq.com/s/-Sh_iwcDNBToR3CtKmwSyw
404,"35个节目霸屏春晚，喜人全面迭代德云社",https://mp.weixin.qq.com/s/dmwh9JrqtLUBs5ApnjMHYQ
405,"年年春节，年年有熊",https://mp.weixin.qq.com/s/ef1WgXXOBtb6oWg5-wOxcQ
406,"“偶像赛道”迎新春：乐元素捕蝉，语音厅在后收割300亿",https://mp.weixin.qq.com/s/6hXn9pe4sG_6dtGtJTdL-w
407,"为什么要在大年初一看这部张艺谋拍的谍战片？",https://mp.weixin.qq.com/s/ioz5yEIgX8Ryz_ssLswE3Q
408,"对谈5位从业者：Seedance 2.0 让文娱创作领域迎来了“全能导演”",https://mp.weixin.qq.com/s/0k_sKkytwzjqkS228Lr-fA
409,"解码春节档“预热期”宣发密码：影旅联动、情怀反差与亲子共鸣",https://mp.weixin.qq.com/s/sCz5Bq-CGUM4TuCbPh2QPw
410,"吴京救不了《镖人》，但吴京+肖战或许可以",https://mp.weixin.qq.com/s/08cNkt6eOxzHa1PSyCIyng
411,"张翅春节涨粉200w，“爱豆脸”如何洗牌短剧圈？",https://mp.weixin.qq.com/s/FDk5loCWJ3iKeUHdqWZ3-Q
412,"当男生们在洛阳穿上女装",https://mp.weixin.qq.com/s/-0e_Isg7ekXfdZ9eh7D2SA
413,"“除夕离婚”与“卖房断亲”火在这个春节档｜一周漫剧观察",https://mp.weixin.qq.com/s/7zYj1jkmGq6XEVaZu5kbsw
414,"春节档狂降37%？不，AI洗牌才是真“震撼”",https://mp.weixin.qq.com/s/KGMd_CRH6ambTpY06aFkSw
415,"3部破10亿！短剧会取代电影成为春节新年俗吗丨数读短剧春节档",https://mp.weixin.qq.com/s/HdGrTZFvA5JG7JLlmoZquw
416,"复盘小娱对春节档的三大误判",https://mp.weixin.qq.com/s/JQiYpOakiK8VXdo8k4VRSA
417,"双女主带领春节档短剧，突围“高含男量”电影？",https://mp.weixin.qq.com/s/6owUUud9eTgOb-U_9hNbsg
418,"爱奇艺推AI剪辑、网易云要对标SUNO等｜1月互联网专利盘点",https://mp.weixin.qq.com/s/GJeUaeVgj_MCitLxdvp1VA
419,"2026CNY复盘：品牌在爱奇艺构建情绪主场",https://mp.weixin.qq.com/s/pGosLDeZUIBJ0qWgl_QPlw
420,"Netflix退出华纳兄弟探索争夺战，派拉蒙成最终赢家",https://mp.weixin.qq.com/s/wZAohyESqmQU0Ke8YXzfrQ
421,"当代男女爱情观，在周杰伦田馥甄cp评论区里",https://mp.weixin.qq.com/s/7Tv78oARhn_-kZ3IIteuEQ
422,"内娱好人：李亚鹏已成“直播顶流”，黄晓明还在当“散财童子”",https://mp.weixin.qq.com/s/PGCheCzwzJhJl5gjcrib-A
423,"虎鲸文娱组织升级  董事长樊路远：积极拥抱AI，加速“线上+线下”场景融合",https://mp.weixin.qq.com/s/hqI7NBQbpy96IbA8QN13tA
424,"从《纯真年代的爱情》到《年少有为》，腾讯视频春节跑出双赛道黑马",https://mp.weixin.qq.com/s/ZANqOzU_XVCe9KXd8eErRg
425,"东南亚：可以拍皇室宫斗，拍不了霸总甜宠 | 短剧新大陆④",https://mp.weixin.qq.com/s/O2Pto9qIH0zTLVd1f7htUA
426,"《尘白禁区》停服《恋与深空》撤联，论联名还得看《王者荣耀》",https://mp.weixin.qq.com/s/gfc26_VJucp1O3qTgpVkLg
427,"对话4位头部短剧导演，我们看见了品质短剧的未来方向",https://mp.weixin.qq.com/s/bQRmIDO8K_WMcpnn98ISwg
428,"周星驰被魔改、赵露思被代言，明星们快被AI逼疯了",https://mp.weixin.qq.com/s/KLml2oaZG4zjk9gGLp0_hQ
429,"千元机车尬剧秒杀300万短剧，重庆文旅新密码？",https://mp.weixin.qq.com/s/CJNKd0h9ckldieakDemBJA
430,"东北自己的顶流IP，把迪士尼整不会了",https://mp.weixin.qq.com/s/HGpfiaK4jRr6zPP6M7kClw
431,"影视产业如何重生：AI为矛，IP为盾丨易凯资本王冉三万字长文",https://mp.weixin.qq.com/s/ZB4O17AAd4AKzbFyVSTgXQ
432,"重磅发布 | 德塔文2025-2026剧集市场白皮书：2026年，谁活？",https://mp.weixin.qq.com/s/Vo_MDtsNivCfWh1GgSPd3g
433,"AI剧本时代，长剧编剧脱不下“长衫”",https://mp.weixin.qq.com/s/NK80O9BSNkHhhiWnx_ONQg
434,"短视频吃透下沉，腾讯包抄IP：漫剧开启中场战事",https://mp.weixin.qq.com/s/9GsuDrPkIQE9tyAy5gDwzg
435,"真人短剧降薪大调查",https://mp.weixin.qq.com/s/KavwS1V4rPz9PLLiL5z5tg
436,"救救剧院：甜茶给了嘲讽，陈丽君们给了答案",https://mp.weixin.qq.com/s/AWuYJP2ozkkJCk_yxA4PwA
437,"爱奇艺AI剪辑主线，B站云游戏也震动｜2月互联网专利盘点",https://mp.weixin.qq.com/s/3J7U4McVfCqAXnZcanRZIA
438,"“我杀猪养你啊”刷屏背后，《逐玉》的爆火真的只是偶然吗？",https://mp.weixin.qq.com/s/aEzy304yKL6j4_lUntraHg
439,"艺考黄金时代，终于AI视频元年：中传连砍16专业，学生要去哪？",https://mp.weixin.qq.com/s/Ipz82Mp2uK_0eCYQ1n9Z3w
440,"鹰角歌曲下架、滑跪公关，不如精神女rapper的一场直播",https://mp.weixin.qq.com/s/pBhoinUxzo8j-fapLeWLAA
441,"真人演员硬抗AI冲击波：片酬腰斩、项目锐减、授权形象",https://mp.weixin.qq.com/s/MkG65gAQRFKcrwmwpAY2SA
442,"音乐大通缩：AI日产700万首，收益锐减90%",https://mp.weixin.qq.com/s/rhAlzAl92Uwmsj4WLZf-Yg
443,"Sora关停之时，中国霸榜之日",https://mp.weixin.qq.com/s/IAnC9iOxj4PYy5Qq-AxVSA
444,"豆瓣8.3，AI辅助的？《太平年》幕后：一场“人脑+智脑”的工业试验",https://mp.weixin.qq.com/s/jJwBMd_YFOLebrnh4xKjhQ
445,"AI取代真人演员前，已经在取代乙游男主了",https://mp.weixin.qq.com/s/bVl6kTOr9WDzbWjgs1SwTw
446,"“劳动密集型”变“算力密集型”，AI漫剧的终局是什么？｜沙龙实录",https://mp.weixin.qq.com/s/cTqfRdw6aCyekT8TYj8mEA
447,"190万预约、花絮比正片火，摄影师正在“爆改”短剧",https://mp.weixin.qq.com/s/b_EeaPi9mbHwzLmR1AietQ
448,"AI升级观剧体验，能拉回优爱腾会员么？",https://mp.weixin.qq.com/s/jK_FoSi2-xsAvJMiGHACqQ
449,"影视行业IP大战白热化在即，一家游戏公司给出三个新解法",https://mp.weixin.qq.com/s/LJrQOQch8fTl4EwkEQoaKg
450,"奥斯卡获奖解读：寡头垄断、产能崩塌、对抗特朗普式价值观",https://mp.weixin.qq.com/s/dLCgO-jylgSkkdnoS60vLw
451,"黄晓明点破行业真相：AI越厉害，越离不开IP",https://mp.weixin.qq.com/s/26eDLa7__KjFV4xMz8aUTA
452,"短剧大厂“反直觉”布局：加单部预算、AI演员分账、产量不降反升",https://mp.weixin.qq.com/s/SSN1VEMAxRh3tVYYZ0erow
453,"“白嫖”迪丽热巴拍土味短剧，这家A股公司把自己“作”退市了",https://mp.weixin.qq.com/s/Cw7FJmd1_PT5Bw05-WlJyg
454,"以总局397部推优为尺：网络视听创作格局与赛道变迁",https://mp.weixin.qq.com/s/YQ9HKBp1v5yUtVqBd9-TSg
455,"周杰伦200万销量再多，挡不住音乐圈通缩",https://mp.weixin.qq.com/s/oNebwEgP-WphN3kEIRw9pQ
456,"代工九块九，售价四百三，角色香水到底是周边还是智商税？",https://mp.weixin.qq.com/s/TeXiIEUDY2vXimU8mAG47g
457,"短剧大厂“反直觉”布局：加单部预算、AI演员分账、产量不降反升",https://mp.weixin.qq.com/s/H5MSJTUR3JeSN36VxxrbeA
458,"以总局397部推优为尺：网络视听创作格局与赛道变迁",https://mp.weixin.qq.com/s/-BYvC0zKgVPzsFNAJt1mNA
459,"在弹幕说“这里糊了”，爱奇艺会帮你修复画质｜3月互联网专利盘点",https://mp.weixin.qq.com/s/TJfLFbB-pzSr1MTdMHg9LQ
460,"316部、三大平台、名导新作、AI题材：从电影备案读懂这四个信号就够了",https://mp.weixin.qq.com/s/Xf3PFFwNY_CjpzGjHsghiQ
461,"我们用阿里 Wan2.7-Image捏了个完美AI爱豆",https://mp.weixin.qq.com/s/RUYkOWUlalh2p8hwrsGGzA
462,"从《新闻女王》到《正义女神》，港剧重掌现实议题话语权",https://mp.weixin.qq.com/s/SrqHVswHJ5Sf14ktS6go-A
463,"广电新规出台半年，影视公司看懂这套“IP宇宙说明书”了吗？",https://mp.weixin.qq.com/s/1UUlw8mse8l-URTdCbXhDg
464,"这些爆款作品，重新定义新一代「精品内容创作者」",https://mp.weixin.qq.com/s/7OHqVLJwds91qAixOAvzeg
465,"古装剧、年代剧商务霸屏，《逐玉》双平台476广｜2026年Q1剧集商务总结",https://mp.weixin.qq.com/s/uhtJQL2NczdS_A6JEPSqfw
466,"《长安十二时辰》《伪装者》《重案六组》都下场，长剧大IP的“尽头”是微短剧？",https://mp.weixin.qq.com/s/wIzfegrNw1aisKXbVk-7hg
467,"长视频对抗短剧的最后壁垒，藏在广电新规里",https://mp.weixin.qq.com/s/4voZ_104j51jRl14kX452A
468,"剧集向短，长剧仅43部，《折叠城市》《战争和人》领衔3月新剧备案名单",https://mp.weixin.qq.com/s/8CgZgLxhE8ZjebELu0n2eQ
469,"《长安十二时辰》《伪装者》《重案六组》都下场，长剧大IP的“尽头”是微短剧？",https://mp.weixin.qq.com/s/5JIHTSoe-3SfywZZ5BAFBQ
470,"剧集向短，长剧仅43部，《折叠城市》《战争和人》领衔3月新剧备案名单",https://mp.weixin.qq.com/s/4iCQOFNgeeWY8fJ_u2m6rA
471,"泡泡玛特暴跌，代工厂疯涨，潮玩行业IPO还有救吗？",https://mp.weixin.qq.com/s/1SSPiLJdpzx96321lxm1Jg
472,"“我杀猪养你”卖爆全球，《逐玉》如何把一句台词变成2000万生意？",https://mp.weixin.qq.com/s/yORPGA2fWHUKh3JBk5seWA
473,"微信公众平台",https://mp.weixin.qq.com/s/yEPV6obIsv8t9h98OdsBMg
474,"AI创投最快“塌房”：千万美金砸出类海棠平台，为何用户连夜拉黑？",https://mp.weixin.qq.com/s/6E9GUr8XbZQ4Izges0y_vw
475,"AIGC厂牌竞技元年：当动画从一年压缩至36小时，我们在北京看到了什么？｜独家",https://mp.weixin.qq.com/s/qcp-CFRYqSoDZZnjEJjuYw
476,"泡泡玛特暴跌，代工厂疯涨，潮玩行业IPO还有救吗？",https://mp.weixin.qq.com/s/JKG67mNDKHXE98kq--dtxw
477,"比海棠更私密的AI酒馆，让资本栽了大跟头？",https://mp.weixin.qq.com/s/CFSl10_K2IWAxJFzy-JC7Q
478,"假流量退潮，真口碑上岸：好作品应由观众定义",https://mp.weixin.qq.com/s/8fU6_2NwPNxY1W1yMzzwQw
479,"星火动漫：漫剧行业终局不靠卷规模和产能，应该卷IP｜AI（漫）剧50",https://mp.weixin.qq.com/s/kNXmGGyIQJdUNO3IJleNPw
480,"漫剧发展大半年，最火的还是西游IP",https://mp.weixin.qq.com/s/QLw1v6FmZwIGHsdh1L_kPA
481,"3月｜小娱月报",https://mp.weixin.qq.com/s/8YVIVXyxd-IOHoGxVJNbWQ
482,"门票上万、打赏200万：剧本杀长出了最野的偶像生态",https://mp.weixin.qq.com/s/cyo2SCc17d4tb1nquXf3DA
483,"全民审片、全员二创，这季浪姐为何越乱越火？",https://mp.weixin.qq.com/s/_fS6ThrEz0RFpQ5F-aq1pw
484,"即梦涨8倍、阿里来超车？视频大模型混战继续",https://mp.weixin.qq.com/s/5xJu959DxEMzdJoX0HukHg
485,"热度破亿、收藏超300万，短剧重回“三保时代”",https://mp.weixin.qq.com/s/VCVVveJh8KthvXFt3bFG1w
486,"花几十万追剧本杀DM什么体验？比选秀上头",https://mp.weixin.qq.com/s/o05aIk0RWKt36VOiHuQPoQ
487,"乘风2026：超女快男的壳、抖快直播的核",https://mp.weixin.qq.com/s/SbBYHI6SNnCm8zqTf7a33A
488,"从“抢好剧”到“拼好剧”，视频平台进入“后卫视时代”",https://mp.weixin.qq.com/s/m58MMGfdrOYPuvWRCOKYQQ
489,"单剧播放6亿，分账破百万，TikTok开启AI短剧出海军备赛｜短剧新大陆⑤",https://mp.weixin.qq.com/s/uSqxJ-n-Pa_JY9gsFQjutA
490,"即梦为何敢单月三次调价？",https://mp.weixin.qq.com/s/tJUVKUHdxqNUJ8b-qsmgiQ
491,"红果乐力：5个亿真金白银，只砸真人短剧丨实录",https://mp.weixin.qq.com/s/gl1AgsTn9KpoCfMLn8ayKA
492,"告别“一口价”和高片酬，红果启动全流程分账透明化丨实录",https://mp.weixin.qq.com/s/jUr0fDtQQFIYV7ojqrtfLQ
493,"400+明星合作，90%代言都无效？｜Q1代言人观察",https://mp.weixin.qq.com/s/fuLVz75ihw0xsbx9RjbFxQ
494,"龚宇揭秘纳逗Pro：长视频如何用AI省90%成本",https://mp.weixin.qq.com/s/gfk5cXDtsyhysc88b8cu2g
495,"孙忠怀：“一签约就大功告成”时代结束，现在押注创作小队丨实录",https://mp.weixin.qq.com/s/2I8guAAVBe9Te-u6wb4rPA
496,"切割高危艺人、提防粉丝退款，品牌代言人避坑指南",https://mp.weixin.qq.com/s/xM3v2JotcAu3PQkisuz4wQ
497,"平台拼播《逐玉》大爆，长视频要靠“一剧多星”救市？",https://mp.weixin.qq.com/s/iCGceb6gXVr4ymFj8T8uyw
498,"咪咕：体育版权纯靠烧钱没戏，得把盘子交给3.5亿社区用户丨实录",https://mp.weixin.qq.com/s/WTWR-jZahjbDwq4NzxMN7w
499,"陈睿：AI时代3.76亿人还在B站，但""恰饭""规矩变了丨实录",https://mp.weixin.qq.com/s/dHMhNkmcmbrQUesShit44A
500,"优酷总裁吴倩：AI创作权“去中心化”不能“去价值观化” 丨实录",https://mp.weixin.qq.com/s/hnqHkreUiFtW_vwzNZ9DwA
501,"点众陈瑞卿：AI+内容将创造2000万就业，小团队成主流｜实录",https://mp.weixin.qq.com/s/zOEtsAWseWq5fAShWxj-IA
502,"AI新时代新机遇，行业大咖共同推进IP新生态",https://mp.weixin.qq.com/s/0v9IiT2Bo2gNLFw4fWrMmw
503,"鲍德熹敲警钟：AI不是升级摄影机，是直接“换赛道”掀桌子丨实录",https://mp.weixin.qq.com/s/WcLN03-Q7RkCRSBmmge_Uw
504,"恒星引力联手大模型公司MiniMax，引领“IP+AI”生态",https://mp.weixin.qq.com/s/P1p0W9uuK93fTIlst02ZgA
505,"商汤科技：全能漫剧Agent平台，Seko AI到底做对了什么？｜AI（漫）剧50",https://mp.weixin.qq.com/s/fMFmwShEj_OHjzWHMxgW_Q
506,"这届视听大会未被说透的真相：AI时代，创作者无法被替代的究竟是什么？",https://mp.weixin.qq.com/s/mYyEYfF1rNs25bFP8NmmEA
507,"从故宫、大运河到昆仑，优酷拓宽人文节目表达边界",https://mp.weixin.qq.com/s/9yxJP4MRvjXACLY8c04p-g
508,"下载量连续登顶，NetShort为何能占据AI漫剧出海半壁江山？",https://mp.weixin.qq.com/s/tXBceh8ijxvMBmI6W5cbnQ
509,"腾讯视频抢跑AI长视频，工具和IP同样重要",https://mp.weixin.qq.com/s/hiXDwi8wdCcH8GpSu80erQ
510,"汪家城：短剧成本飙到100万，AI不来咋破局｜实录",https://mp.weixin.qq.com/s/e5_Ywk1BXIZ7Nu9EMI5XkA
511,"7家北京科技公司杀入，AI卖铲人为何下场做漫剧｜具创一体",https://mp.weixin.qq.com/s/vWFtkD1L2vfQT_oAGEVVYQ
512,"SK狐狸一句“救救我”，让榜一大姐千万打赏、粉圈炒CP",https://mp.weixin.qq.com/s/jK6PC8PhIdM3z-FfJiFM1g
513,"贾樟柯：科技发展中也要关注传统产业的基层工作人员丨实录",https://mp.weixin.qq.com/s/JpBgL_x46EJk7RTM7KMz-A
514,"风行易正朝：不单纯做工具或内容，做AI时代的“超级连接者” ｜ 专访",https://mp.weixin.qq.com/s/yYAGG_malFgJR5Q8dehRPg
515,"百万艺考费，归来5000月薪：艺考生缺一个张雪峰",https://mp.weixin.qq.com/s/dhZT0ALyCjhBKKBmMKNREQ
516,"Seedance2重压、资本质疑，AI agent公司开始自救",https://mp.weixin.qq.com/s/raVv7TqhdJG9BNJvENISww
517,"揭秘团播留1700万“大姐”套路：放饭、CP、死亡守护",https://mp.weixin.qq.com/s/LSa6nJgo0X01suRhjYt74Q
518,"为了帮到影视艺考生，我们向AI张雪峰求助",https://mp.weixin.qq.com/s/_aN2mMeLL0dIyOyfWcNMsw
519,"万兴科技：赋能爆款《气运三角洲》，投资漫剧内容团队而非自建",https://mp.weixin.qq.com/s/tydQCC6GvIxQw-dgakZhJw
520,"院校到行业GAP里，站满“毕业即失业”的艺考生",https://mp.weixin.qq.com/s/h2mUHb5FG632APcRzC2U3g
521,"低至0.44元/秒，HappyHorse将给漫剧从业者带来什么？",https://mp.weixin.qq.com/s/Vmpyk383-TyA780HRoUFVg
522,"从爆款生产到AI赋能：芒果超媒的“一稳一新”",https://mp.weixin.qq.com/s/7o8O7xIz1BhXj4Jye9Ibwg
523,"月入80万的头部金番作者，被读者抓包AI续写",https://mp.weixin.qq.com/s/3OHHHTIzTbRBhbBgdIYo5w
524,"814集、28部！Q1电视剧发行许可数量上升40%！",https://mp.weixin.qq.com/s/2kwFhhJ3LW9Kb9drCid0hA
525,"从万达到儒意，超级场景+超级IP的行业突围",https://mp.weixin.qq.com/s/XeYkFYitHWuzInBTdGA8vQ
526,"网大死过一次，但正在被AI救活｜网大编年史之项目篇",https://mp.weixin.qq.com/s/J1K453o1LXtMJ3PJkd1L1Q
527,"谢苗逆袭、甄子丹折戟：209部网络院线数据，露了演员底牌",https://mp.weixin.qq.com/s/LUDUV_I1hs95bN_-XaKfQw
528,"4月备案165部！《文城》《人生路上》领衔下半年爆款预演",https://mp.weixin.qq.com/s/fGeDeV918G6tKNDTbsFsmQ
529,"YourChannel：AI个人创作者的时代、如何造神？",https://mp.weixin.qq.com/s/NStkWA9AtES-o6-VmO30vg
530,"押注去中心化与AI，爱奇艺为行业打开哪些新可能？",https://mp.weixin.qq.com/s/ex_oGQmeMVh44Gc9ODKeaA
531,"AI降本、短剧增收，但为什么2025年的剧集公司更穷了？",https://mp.weixin.qq.com/s/byuFnVl8OE90pc2kC1SVqw
532,"长剧口碑越好，短剧越扑！长IP改短剧成最大骗局？",https://mp.weixin.qq.com/s/t-EpbgnqvTW_fkFCTNVkRA
533,"微信公众平台",https://mp.weixin.qq.com/s/GjuSn9sidyv6jrzeR86Jnw
534,"2025长剧市场寒冬：十家仅三家盈利",https://mp.weixin.qq.com/s/3j6KHCs2GmPNe1nsIM05PQ
535,"54部IP长改短已宣告“大IP+短顶流”模式死亡？",https://mp.weixin.qq.com/s/go4e0LTDv7jdraK754vbYQ
536,"别了，星空卫视，和80后90后一去不返的青春",https://mp.weixin.qq.com/s/YEqbppJqwXldqIllMR_ylw
537,"堂哥三叔轮流背刺，AI解说漫找到下沉财富密码",https://mp.weixin.qq.com/s/BvcFHN_rWyTJdOIc10TvQA
538,"音乐节的内卷与新生：有人被饭圈反噬、有人成文旅新引擎？｜五一演出市场观察",https://mp.weixin.qq.com/s/aR5Vl0YTg3hZ9TnS7Kpnwg
539,"苏超变味了吗？",https://mp.weixin.qq.com/s/YV7-RtlizHKjkfpUEUFyZw
540,"从“奇案”到“人性”，港剧还能怎么拍？｜对话《重案解密》主创",https://mp.weixin.qq.com/s/riijQRYnm97N0YbWOuHh1Q
541,"2025影视人薪酬揭秘：猫眼掌阅高管涨薪，横店万达减员近千",https://mp.weixin.qq.com/s/QyCjhbiqQyG6rmWr2mjTNw
542,"粉丝喊了几十年“老公”，为什么OPPO这次翻车了丨河豚社论",https://mp.weixin.qq.com/s/SECFlmP_PV365ztsc5Y9PQ
543,"六年网络院线“倒退”史：从2亿到200万AI片",https://mp.weixin.qq.com/s/_pIq2zm4FpXkeLMuGWE7pw
544,"追光「悟空」入局，《一人之下》《半妖司藤》等IP改编动画迎来大年",https://mp.weixin.qq.com/s/DZsXe57hF-OnxbdfRqi2lg
545,"Q1网络剧发行观察：网剧部数腰斩，中文在线开心麻花押注短剧",https://mp.weixin.qq.com/s/yHfz81mDRL73q1T5_hUpsA
546,"腾讯音乐Q1财报：AI写不出的歌，才是音乐行业的根基",https://mp.weixin.qq.com/s/iG6scDm0sFiF1jt2pBRMkQ
547,"从爆款到长线开发，吾流文化用“慢就是快”拿下亿级融资",https://mp.weixin.qq.com/s/i1pttMlNxl5sEehcaQluUQ
548,"4月｜小娱月报",https://mp.weixin.qq.com/s/D9wQJ9VYAN2v6hjMel0mGA
549,"娱乐产业该重新理解“老公”这个词了丨河豚社论",https://mp.weixin.qq.com/s/RAyNF3leVzEXIV6bytTL7Q
550,"卢昱晓口碑翻车，下沉平台的爱真值钱吗？",https://mp.weixin.qq.com/s/EEqMwvKT54iHDoRS0dpTDw
551,"从热度破万的《低智商犯罪》开始，犯罪剧多了一种新解法",https://mp.weixin.qq.com/s/ySllxVUdtK_wdzPp0htwpw
552,"郭靖宇：被短视频切片偷走90%流量，原创IP不要用贵的明星丨实录",https://mp.weixin.qq.com/s/uJuRU49PWJ4dwySHGlez-g
553,"下一个五年，开放世界不靠原神了",https://mp.weixin.qq.com/s/sxhGMua3E-wCZWKGaz9plA
554,"补贴20%！爱奇艺王柯：战略加码“中剧”，用AI放大小团队创意丨实录",https://mp.weixin.qq.com/s/p-Ot8T1etzt22Pvy0qaqzQ
555,"4月电影备案观察：头部缺席，蹭IP蹭名企现象突出",https://mp.weixin.qq.com/s/Qo-su3CCfjL5woMQMft79Q
556,"李京盛：在技术变革里别只顾抢风口、挣快钱，那会丢了根丨实录",https://mp.weixin.qq.com/s/G71Qt-PS51doEflAsfFFsA
557,"华策赵依芳：从桐庐产教融合到AI超级工厂，华策在AI布局三个赛道丨实录",https://mp.weixin.qq.com/s/hTEjIFCT9xJAS1Wc5KMOaA
558,"流水8亿！开放世界三国杀落幕，三大新方向已明确",https://mp.weixin.qq.com/s/qFVcYT83ahNHY5JNdHRaZw
559,"重回生人局，《桃花坞》再次站上社交综艺制高点",https://mp.weixin.qq.com/s/VoQJjxFS1nT_BXvA4dQRNw
560,"单周流水超7000万，《王者荣耀》靠哪吒联动又封神了｜解码IP衍生",https://mp.weixin.qq.com/s/_r8kfz8C9rjLgRXaEjlxEQ
561,"卧底饭圈180天，看代拍如何赚“海景房”｜文娱一线实录",https://mp.weixin.qq.com/s/TIMWTmCyOcwFa3febBwoOg
562,"“竖店”熄火，横店成“空店”？",https://mp.weixin.qq.com/s/_W4bu9TCJoIdVvQb8ph4iA
563,"EXO“曾经的王”：一份解构流行文化的AI时代追星样本",https://mp.weixin.qq.com/s/iSIneb7pWQ9pCJVY1KHghQ
564,"三折拿下世界杯！央视这届包赚40亿？",https://mp.weixin.qq.com/s/CvNM0hp0ffqa0AN9VHduTg
565,"探秘横店“降温”：演员摆摊、片场降价、资本离场｜文娱一线实录",https://mp.weixin.qq.com/s/G4QGTXTfUz6cUN2X8_XbVQ
566,"从站姐到代拍，饭圈“为爱发电”怎么变成了生意",https://mp.weixin.qq.com/s/7VsSwGs_Oq12Bgubu4l6Iw
567,"首届短剧产业大会，给真人短剧吃下一颗“定心丸”",https://mp.weixin.qq.com/s/7QoxDuuJbJF_6ShhLopVeA
568,"报销应援成任务，浪姐三公变粉丝“算账大会”",https://mp.weixin.qq.com/s/ZryvMlHZdxI-JnAnaSYfdA
569,"AI占1/4，爱优腾哔1873岗全解析",https://mp.weixin.qq.com/s/ggd3HjXI7lyMV78TrGsxww
570,"爱优腾哔招聘解读：四家对AI的理解正在分化 ｜人才风向标",https://mp.weixin.qq.com/s/23C9OM5HvfqWjjhHgGoKKw
571,"粤语听众泪目、年轻人上头，《国乐无双》做对了什么？",https://mp.weixin.qq.com/s/wOHL4oQDZ9Z1UACdm4mRnQ
572,"放弃帕鲁、重仓超自然，腾讯用赛马寻找下一个三角洲",https://mp.weixin.qq.com/s/BpgOMMWP7iSVGVJMqTjcPw
573,"泰娱CP来华集体停摆：40万出场费、5000元黄牛票、6000万GMV？",https://mp.weixin.qq.com/s/eQ8uRgVP8sp3uT9GIj1FDw
574,"AI小说大逃杀：百万在读被下架，“一键生成”时代结束",https://mp.weixin.qq.com/s/2eOFel7VbyO542NdjzYxyA
575,"“限泰腐”真假背后：海外CP见面会正在告别灰色",https://mp.weixin.qq.com/s/_oTtK4VqVARbNvj_08GIcw
576,"快手加码精品短漫剧，内容行业进入“去芜存菁”时代",https://mp.weixin.qq.com/s/Wpk6JXWOhwnpxjLavUHTqQ
577,"困在性别“话语权”里的《洛克王国》",https://mp.weixin.qq.com/s/slgRkrjDPB5RgSBArMWuTg
578,"泰腐跌倒，韩娱吃饱？",https://mp.weixin.qq.com/s/lKbwBavF_YfTShyJvD8b5A
579,"1300万DAU的《洛克王国》，终究还是踩了这个坑",https://mp.weixin.qq.com/s/6J0n2sveS2jsJbBxR7O82A
580,"25000元买30秒贴贴，谁在溺爱韩星见面会",https://mp.weixin.qq.com/s/E3-8JBR3SfdWr3rmDl67aA
581,"赢麻了的北京环球影城联动是怎么俘获IP粉芳心的？",https://mp.weixin.qq.com/s/gUoh6cjjz8qWFIcCXfq32w
582,"这档音综，让Z世代追舞台、追群像、还追着买",https://mp.weixin.qq.com/s/WRKdF5AY28QcEkB9czVn2g
583,"从追剧讨论到自学中文，恒星引力古装剧为何打动越南年轻人",https://mp.weixin.qq.com/s/2r8C7m8-B4bswibewqi8Rg
584,"《主角》热度破30000，腾讯视频为何持续押注“厚内容”？",https://mp.weixin.qq.com/s/UFIqu4ITVAwZraj8uVPmGw
585,"4月下电影备案：蜜雪光线大麦齐入局，动画32部创新高",https://mp.weixin.qq.com/s/KyaAcL4tQMJRqiUQSjkojw
586,"真人短剧在减产，头部演员在赚钱｜短剧演员商业价值榜TOP10",https://mp.weixin.qq.com/s/gIcgRnwe1dkWAHNEmZtAjA
587,"那些不会被AI取代的剧组人｜文娱一线实录",https://mp.weixin.qq.com/s/cDv3bebMcBUN7wgRDHQtbg
588,"13家传统影视、经纪、MCN公司怎样做AI",https://mp.weixin.qq.com/s/XgVFkoHNX1vccqcDelqwdA
589,"哪家影视公司要求985学历做漫剧？｜人才风向标",https://mp.weixin.qq.com/s/ArpNyyjDdfdIznl6IVcZFw
590,"影视人抵抗AI的护城河：会接梗，会陪笑，会挨骂",https://mp.weixin.qq.com/s/h5s_6slWViAR7oIe5Y13yA
