序号,文章标题,URL
1,10张图4000家公司，看懂AI十年沉浮史,https://mp.weixin.qq.com/s/V-WSYrT5OJyKHixE8b_tvQ
2,互联网只剩“奶头乐”？他们用诗歌悄然反击,https://mp.weixin.qq.com/s/0tJaE0j24ZwAMvppGDFmuw
3,近2500个短剧小程序遭处理，危机辐射横店半数剧组？,https://mp.weixin.qq.com/s/cYgwb7ic1TvBRqA7r5QDJw
4,播出前后落差大？我们和《长月烬明》服化团队聊了聊造型争议,https://mp.weixin.qq.com/s/_HtdvhI6YVK8uLvPMXFFLw
5,马克龙走了，中法文化之春来了,https://mp.weixin.qq.com/s/otJ0Wv3NO74Nu5WS0Jq5Yw
6,2023这届春季班“灌篮高手”，真担得起“爷青回”么？,https://mp.weixin.qq.com/s/SgpQpYv-NlTU_jCaPUIMQA
7,高调掘金VS闷声发大财，AIGC公关战哪家赢了？,https://mp.weixin.qq.com/s/NVaKGPnKsQMx7FKznIJVkw
8,从《忠犬八公》到《龙马精神》，为什么动物的演技这么好？,https://mp.weixin.qq.com/s/_7GZBpvv_TL9V1BZ9MLnzw
9,3月下电影备案：《飞驰人生2》“子承父志”，东北文艺复兴来了？,https://mp.weixin.qq.com/s/b_9d3cpl59wWSdT19YKS9g
10,《灌篮高手》周边卖300万，仍敌不过县城影院背后的上亿盗版,https://mp.weixin.qq.com/s/4-EddNvd_GgnlZdchvWhvw
11,分账影视到了该集体“自救”的时候,https://mp.weixin.qq.com/s/euDT4vABror1eCSQCb_J7w
12,爆槽娱子酱：蜜雪冰城也擦边？黄渤又演青岛贵妇了!,https://mp.weixin.qq.com/s/Iv4Lij7n3rulHM8BVUP8cg
13,宝马mini区别对待？小米X张颂文，感人！,https://mp.weixin.qq.com/s/Dsq4kAJSrpeakz2I0KlzfA
14,元气森林合作蔡国庆，既上头又尴尬,https://mp.weixin.qq.com/s/dKyZ8cQ0s2x7Hdlvj57KRA
15,年赚35万，王源也拉不动品渥食品,https://mp.weixin.qq.com/s/m8akmyxf8eLGSZY-zN761g
16,行业领先者大麦，如何书写新故事？|专访大麦总裁何弭,https://mp.weixin.qq.com/s/aX1dmQ0ORm1v-RticLNbFg
17,崩坏宇宙4.0，米哈游这次没有赢,https://mp.weixin.qq.com/s/Gs-DOnKPsKB_-OYEGlwCXA
18,五一假期，淄博的“烤”场,https://mp.weixin.qq.com/s/dXioxMR0SfImpTIX0hCCjA
19,中国电影工业该向何处去？电影大咖们有话要说,https://mp.weixin.qq.com/s/f0W-8l-h2SEsplq8ua3z_A
20,在视频号卖货的品牌，现在赚到钱了吗？,https://mp.weixin.qq.com/s/Xz2MoCwwk9heuTba8_2bGg
21,CEIS 2024 中国娱乐产业年会暨金河豚荣誉推选正式启动,https://mp.weixin.qq.com/s/tFU2rIA8zjoT96WPE-ypjQ
22,国货翻身“红与黑”：宠物、鲨鱼裤、冲锋衣都赢了，老国货为何失手？,https://mp.weixin.qq.com/s/mJJnrSOpIS1xy8bh-SLIUg
23,AI赋能电商调查：20亿条数据，500亿市场，3个人的转行,https://mp.weixin.qq.com/s/10wwokPhUgXrmCqLlbPC4A
24,网红奶茶鼻祖一点点，怎么就成了时代的眼泪？,https://mp.weixin.qq.com/s/5_jw3RMhPaq8cgHfPltFFw
25,《完蛋》惹火的不只宅游市场，更惹火了仙剑粉丝,https://mp.weixin.qq.com/s/8bIV8jL51XhdYi0RwrPckg
26,10月上电影备案：游戏《纸嫁衣3》影视化，万合天宜新作《当幸福来踢门》通过备案,https://mp.weixin.qq.com/s/A8W6xfVRAazHYz1mQ_aebg
27,短剧审核再加码，一天新增125部禁投短剧,https://mp.weixin.qq.com/s/UaByBs3vngsjdYT0EFAOdA
28,国产大模型，终于敢跟用户要钱了,https://mp.weixin.qq.com/s/3yEP6F0GSmrv5oiH5_8IpQ
29,多位视频号达人双11“爆单”：千元冬装、10元调味品，GMV5000W+,https://mp.weixin.qq.com/s/TEi2qLSLYDptH4UB8ayTeg
30,双11卖3.5个亿，天猫高层点名推荐，SINSIN带火鲨鱼裤？,https://mp.weixin.qq.com/s/NWYeyfvqv1RDxNGlBF_jJQ
31,电影海报陷入怪圈：字越大，票房越差？,https://mp.weixin.qq.com/s/PfGxkmLT2NklpNN6sOmAEg
32,中国内容团队出海的秘密，藏在这支PV里,https://mp.weixin.qq.com/s/HWn3tZ7jsFDZCWNv4xkcqw
33,谁是迪士尼的“超级英雄”？,https://mp.weixin.qq.com/s/CkIvPoHS7AUSjXvJTaRkQQ
34,CEIS 2024 中国娱乐产业年会暨金河豚荣誉推选正式启动,https://mp.weixin.qq.com/s/jcs9HfsL4hF-KJGcmOSEcg
35,业绩真跟AI挂钩吗？我们翻完了18家“AIGC概念股”三季报,https://mp.weixin.qq.com/s/GGCffUEesWcb-HvCqGCSgw
36,CEIS 2024 中国娱乐产业年会暨金河豚荣誉推选正式启动,https://mp.weixin.qq.com/s/tTswQxxqTNqwlt-avz9L4A
37,ROI近15，新客率超70%，B站电商的加速增长与长期考验,https://mp.weixin.qq.com/s/7uXqE4-X7blkqFMGU2Nbew
38,明星纷纷停播，主播“人人喊打”，直播带货变天了？,https://mp.weixin.qq.com/s/b5J6TbgNmWoAA1dPMS8PbA
39,吴京退股、亏损千万、十家九欠薪，特效行业走在悬崖边缘,https://mp.weixin.qq.com/s/Y0kPymiRhQBOty_EmExtnQ
40,“不做资金盘，毛利不到20%，我用数字人做动销创业”｜专访配播精灵张鸿显,https://mp.weixin.qq.com/s/K4XKKq8fgVHe9MuK6WOehw
41,歌手的梦想“进阶”：如何实现关键跃升？,https://mp.weixin.qq.com/s/Zp0I9Y6Fn7EetGRTZHzHHg
42,消费降级时代，年轻人把闲鱼玩成了小红书丨Z时代观察①,https://mp.weixin.qq.com/s/RXPMUdDHwF9EjJSe7WqXdA
43,10月网剧备案：晋江热文《第九农学基地》影视化、梁羽生《云海玉弓缘》被重拍,https://mp.weixin.qq.com/s/xNmGCHKNwcCzvA1XgfgQhw
44,一部主旋律电影，与偏离的争议,https://mp.weixin.qq.com/s/OzGyAJ9RTmHhc5JBPaNVOw
45,明星离场，主播停播，今年双11他们为啥不割韭菜了？,https://mp.weixin.qq.com/s/xW67TTkDor-jOzPrQJaNog
46,综艺「暖冬期」来临,https://mp.weixin.qq.com/s/9XuCld96aJWpsuoKgIdoaQ
47,AI杀入AV界？“史上首位硅基女优”是人类福音还是道德沦丧？,https://mp.weixin.qq.com/s/Yj-fQfldzi5y-QQ2EkZGgg
48,一部财经题材的话剧是什么样的？,https://mp.weixin.qq.com/s/t2FQclr1COOakVrSEwAyCw
49,殷世航留学、阿giao化身人生导师，争议网红们如何重塑人设？,https://mp.weixin.qq.com/s/n4ZfnuTKbkaaFEP57nZgPg
50,年末电影犯罪扎堆，黑深残成主流,https://mp.weixin.qq.com/s/Wc8g428c798-hr5ntgOS5w
51,精品化的风刮到了微短剧,https://mp.weixin.qq.com/s/DwWRRfXGu0siKyCASRdCig
52,探班《清明上河图密码》，拆解国剧虚拍样本秘籍,https://mp.weixin.qq.com/s/FI4KpMU62k1v5WHaXXRylg
53,这场顶级盛宴，为何引发内娱“尖叫”？,https://mp.weixin.qq.com/s/H61ds0aP7NRszeMzu6GlaA
54,支付宝直播迎来新升级，商家品牌入局的最佳时机到了？,https://mp.weixin.qq.com/s/vg64q93rNvz8TfCEKmD37w
55,谁在戕害“二次元”？《涉海》cosplay争议始末,https://mp.weixin.qq.com/s/2N4T6dmcAlvJEFGa-T1jQg
56,9位行业大咖，一次“说透”抖音影视宣发方法论,https://mp.weixin.qq.com/s/WRElym5YR3vl8jQ4lWwnvg
57,CEIS 2024 中国娱乐产业年会暨金河豚荣誉推选正式启动,https://mp.weixin.qq.com/s/DZNMN1JvXIAHpttqZi93Ew
58,最高限价2500万后，还有多少明星坚持拍戏？,https://mp.weixin.qq.com/s/bWEWJHibSPd4vTVRCTD51g
59,1月《繁花》的商务热，剧集市场的昙花一现？,https://mp.weixin.qq.com/s/9tx3NqIisixV5DMpYP1BOA
60,优爱腾会员存量战：免费逛澡堂、积分换超点、平台也卖货,https://mp.weixin.qq.com/s/vHwTnN4mCRTPe9dgVPOw9Q
61,古偶升级，群像复兴,https://mp.weixin.qq.com/s/Flge57XvMEOc4p6AL_-yhA
62,瞄准米粉还是中产？小米汽车定价难,https://mp.weixin.qq.com/s/z8kOns4V0sB6jyu3yXn4GA
63,250个饮品联名复盘：FENDI茅台难复制，萌系惜败丧系｜数据控,https://mp.weixin.qq.com/s/HO8PRkwZY3f1dq-PcAdlcA
64,“五分钟美甲店”全国爆火，有90后月入10万,https://mp.weixin.qq.com/s/Kzijy6kgmTwfPRUAzTL5lg
65,问界超理想成为新势力销冠，社交营销如何助力车企？,https://mp.weixin.qq.com/s/VGg0__fUaqh4bRnkRk5dMQ
66,精品化大势下，短剧营销有了新风向,https://mp.weixin.qq.com/s/ZpE1ssEIIpcL1gZQvms_nw
67,烧钱烧脑，年轻人最怕过年送礼,https://mp.weixin.qq.com/s/_QH2IRuBCW0Uc6ZPPnQLew
68,1月网络动画备案：总量增46%，B站《赘婿》腾讯《斗罗大陆》开第二季,https://mp.weixin.qq.com/s/3z7iQutWGz2RH3xuCWz_uQ
69,千里运猫，筹款近300万，动保走向流量化,https://mp.weixin.qq.com/s/FMzfy1Ia0EuK3gQa_hYTIg
70,品牌扎堆《王者荣耀》动画，什么是动漫营销的正确打开方式？,https://mp.weixin.qq.com/s/3Iv5WIqfNgFm1w1JAty2Ig
71,我们为什么还在期待2024的综艺？,https://mp.weixin.qq.com/s/aOw_wCsA97tUIfNT3vrJZA
72,“合家欢剧”重袭2024剧集春节档,https://mp.weixin.qq.com/s/Poxf_xFJE3NujVml2XqJLg
73,1月电视剧备案：开年形势向好，玄色小说《守藏》、王小枪新剧《生命缘》备案,https://mp.weixin.qq.com/s/L8vz1cIKMc4HaZ6QsdbjNg
74,春晚跳科目三，为什么不可以,https://mp.weixin.qq.com/s/MArnD6fuOxYPvj7o5dHx2Q
75,互联网大厂CNY营销一览：谁最得品牌芳心？,https://mp.weixin.qq.com/s/aejKu9S7arhjjr2lIUZcVw
76,春节档宣发大战：票补很“热辣”，预售未“飞驰”,https://mp.weixin.qq.com/s/TZbsJInAuv_ecPt1PtCBHw
77,​龙年春节，AIGC带来哪些“新年俗”,https://mp.weixin.qq.com/s/5W-QHXT3S2-AC6uXv9oPfw
78,一月电影备案：《你好旧时光》、光线《白夜行》立项，姜文有了新项目,https://mp.weixin.qq.com/s/1iD_JDWkz4S5qI8a0rzsXQ
79,一天200元，难找春节宠物喂养人,https://mp.weixin.qq.com/s/YEFVTTp7MMaj0IMM6_Ogcw
80,贾玲现腹肌，宣发亮底牌，《热辣滚烫》能否“再赢一次”,https://mp.weixin.qq.com/s/x2K1uoTgbKX82fBgVzU9Jw
81,我们让AI来判断央视龙年春晚吉祥物，是不是AI画的？,https://mp.weixin.qq.com/s/2b_tdW4k0Ywmnk2zIvZ7eg
82,1月网剧备案：《御赐小仵作》《闪耀的她》续作来袭，悬疑涉案仍热门,https://mp.weixin.qq.com/s/K73ybwiilXZIIC_LGeueTQ
83,火上春晚的「新中式」，成为年轻人的新潮流,https://mp.weixin.qq.com/s/FmWw_gNSFZadEhHU578_ig
84,《第二十条》：张艺谋为春节定制的影院版小品,https://mp.weixin.qq.com/s/Z94BACw6RWkGrRK-szmBRQ
85,2024春节档，游戏也卷起来了,https://mp.weixin.qq.com/s/gVTn2a8XjdmjlPDerb2wbg
86,Sora降临！影视业：我又要被颠覆了吗？,https://mp.weixin.qq.com/s/pAEpv8EzVajAMD42T9iLsQ
87,00后整顿过年红包,https://mp.weixin.qq.com/s/XsI5MxTrt_Z4D8fAoV59kA
88,龙年春晚超26个赞助商大盘点，你记住了谁？,https://mp.weixin.qq.com/s/v06JHUkwxE_wAcNWCRqMkw
89,《红毯先生》：做春节档的“反骨” | 宁浩专访,https://mp.weixin.qq.com/s/W0F85CWBEDzWv1xA7I-YVw
90,范丞丞能成为下一代“沈腾”吗？,https://mp.weixin.qq.com/s/G4K7bWI8qeQfaCbMnieAxA
91,《上春山》持续发酵，大厂怎么“蹭”春晚的流量？,https://mp.weixin.qq.com/s/JOz0WNMvg0xkH2LfFVE1Ow
92,群雄鏖战春节直播间，“泼天富贵”轮到谁?,https://mp.weixin.qq.com/s/ryYJ1X3_OUe_JYeMdCbbZg
93,比亚迪打响“电比油低”价格战，2024汽车营销到底有多卷？,https://mp.weixin.qq.com/s/QLhRpgMF8vvoqcLV2ubs9g
94,三只松鼠做抖音：从19.9元10包的夏威夷果开始｜品牌深壹度,https://mp.weixin.qq.com/s/PdDtkjzjxlpyxwarKK-vJw
95,因为盗摄，我和相亲对象吵了三天｜观点大辩论,https://mp.weixin.qq.com/s/rFYZNidXXmIYoPtcATYIEw
96,Sora屠城，AI创业者反攻|调查⑤,https://mp.weixin.qq.com/s/d2_HlbidOH4VaAyW4F5Nkw
97,Sora互联网纪实：卖课割韭菜、私域带你飞、A股大涨停、影视圈淡定,https://mp.weixin.qq.com/s/x-h9rWMByUjNxuwlPIusVw
98,涌向新马泰的年轻人，养肥了谁？,https://mp.weixin.qq.com/s/ce9ZlDF2FFvRbmBvSN8GHQ
99,李雪琴比贾玲更好笑，第四代网红喜剧人正当时,https://mp.weixin.qq.com/s/Jo9Olz2MNVJLd4d-jVMqtA
100,七日报收75.5亿，电影频道如何让春节档“热辣飞驰”？,https://mp.weixin.qq.com/s/LKtb2X2vDuEDAmcYNNAFKQ
101,春节返乡故事汇：被手机套牢的爸妈，愿意为什么App买单？,https://mp.weixin.qq.com/s/0WtwB2mPF0jckMNYvO3QYQ
102,“李一舟何许人也” ｜ 底片,https://mp.weixin.qq.com/s/F8MxM3iiEJgec694KSjMVQ
103,狂赚 590 亿！肯德基过了一个肥年,https://mp.weixin.qq.com/s/U-nx40NIetkXu0_6ViHXew
104,资本永不眠，AI数字人有一颗做“通讯社”的野心 | 专访总台“AI王冠”团队,https://mp.weixin.qq.com/s/rVmb9wUwJnTX4L0fVDv18Q
105,2024，地方广电的主播台变天了,https://mp.weixin.qq.com/s/ArJJ7K_JzaDLjImityMWDQ
106,“单机+二次元+影视”三管齐下，马化腾为啥看上了《古剑奇谭》？,https://mp.weixin.qq.com/s/UZvWAXrKLKeblaVsYBqpUw
107,春节档宣发启示录：找到点燃社交口碑的那根火柴,https://mp.weixin.qq.com/s/V4ixKpqMVMS18cDjZ6f-rw
108,一天卖出2万元，返乡打工人养肥县城奶茶店,https://mp.weixin.qq.com/s/uPywBgDzw9zDbHNid6quvQ
109,杨迪、麻子哥、谢广坤纷纷“爆改”，背后是谁赚麻了？,https://mp.weixin.qq.com/s/yjs0c7njt8Qn43uWUC1rFQ
110,为什么影视圈羞于说自己在拍偶像剧？,https://mp.weixin.qq.com/s/6pcr9rVBu91E67BzH7E93A
111,明星成为“饭搭子”，短视频探店进入3.0时代,https://mp.weixin.qq.com/s/UVAxBZJr6ShEWasBbvdimw
112,收购《古剑奇谭》，腾讯要做老IP重启的元梦之星？,https://mp.weixin.qq.com/s/YUnySUJPlRWSNofRLR2X6g
113,二月旦逢良辰，顺颂时宜 | 小娱月报,https://mp.weixin.qq.com/s/3ajdcOwpVECUJqWoIUDK1A
114,文投控股被债权人“重组”：连亏四年，关闭32家影城，2.8亿债务今年到期,https://mp.weixin.qq.com/s/_PoDV9f_hRUXi1EdAFnxWQ
115,驻守本土的《还是觉得你最好2》，在打一场硬仗,https://mp.weixin.qq.com/s/NNqr19gJFlSa9Nvh3oh8uw
116,互联网思维做购物中心，X27是遥望的救命稻草吗？,https://mp.weixin.qq.com/s/_erwzcIffjX5Aj2tAV97_g
117,在便利蜂，所有人都知道的，算法不知道,https://mp.weixin.qq.com/s/8kMLQKMUqlAJqwDdveMPTg
118,韩国爆火的人生四格，为何在中国是“商场刺客”？,https://mp.weixin.qq.com/s/1MKELUVEeClc4btnGTzSIQ
119,内容小而美、变现多又宽，综艺行业迎来「新物种」,https://mp.weixin.qq.com/s/UX4CMVzIpnqogvLWbwC5Bg
120,董宇辉清空了微博，但与辉同行放不下流量,https://mp.weixin.qq.com/s/U4BjblbBjhz4AajsNCf5Ng
121,娱乐资本论招聘持续进行中,https://mp.weixin.qq.com/s/dJHVYQx7DkAioepmPkoMQA
122,环球音乐大战TikTok：AI时代下的版权“新叙事”,https://mp.weixin.qq.com/s/vX4j8Gj-1319hQEfui70hA
123,教父李一舟背后的教父，揭秘龚文祥的AI发家秘史,https://mp.weixin.qq.com/s/aU0_P8HMal-QMqLxNlrBAA
124,新能源汽车的2024：地狱开局，如何杀出一个春天？,https://mp.weixin.qq.com/s/4reG_5qdcGPuaT04chgt6g
125,《猎冰》以小博大背后，那些被忽视的“必然” | 专访主创,https://mp.weixin.qq.com/s/tAI6_VyDpIVfRzlyZHzKjA
126,从竞争到合作，游戏直播行业继续“拆墙”,https://mp.weixin.qq.com/s/G0Si2K5y97s7oyhied_JGA
127,采购价跌80%、三台联播、跟播网站，省级卫视剧场变天了,https://mp.weixin.qq.com/s/UEJjHI4L6ckhhMPKLYk1xg
128,瑞幸超越星巴克的四个关键词,https://mp.weixin.qq.com/s/aaDwE4s-FfzfZkCBq-x_GQ
129,回县城买别墅的年轻人,https://mp.weixin.qq.com/s/xTI7p7KWShRWeXQrXw_upA
130,房地产褪热，文旅拔头筹，春节消费大转向,https://mp.weixin.qq.com/s/VqxpKiXYxewgPoJ-dLKaWg
131,“不追求爆款，北美已是红海，海外短剧需要抱团取暖”｜专访嘉书冰甜,https://mp.weixin.qq.com/s/nmHI_Up9AYIYNCZ99NA_5Q
132,一部《周处除三害》，两岸电影交流正当时,https://mp.weixin.qq.com/s/KU9kKqiLy1LeoMP_ZYNdBg
133,批片救急、头部赶制，2024“片荒”有解了？,https://mp.weixin.qq.com/s/_0Gp1hwWr1PsIFmW6mD-vA
134,海外短剧未来一定会有全球精品IP｜专访前海像样Huntmobi,https://mp.weixin.qq.com/s/gH3JaKXtAo0_gz2i9KxtQA
135,农夫山泉钟睒睒错了吗？,https://mp.weixin.qq.com/s/prpKP2VIwxHrB7XhPPFAmQ
136,2月IP衍生品：吴邪生日季周边卖爆，52TOYS超过泡泡玛特,https://mp.weixin.qq.com/s/Hoau5TGpu4Dg7prsKlePXA
137,“受众更下沉，我们要做短剧行业的‘拼多多’”｜专访短剧第一股MPU,https://mp.weixin.qq.com/s/3WIW7prPL22KRNxoI_p5XA
138,2月互联网专利盘点：百度研究数字人形象自动制作，哔哩哔哩实现虚拟主播自主互动,https://mp.weixin.qq.com/s/Jpu4hge8gQ3xELav_o4lNg
139,揭秘“穿戴甲”产业链：水晶之乡、直播带货、“卷”到海外,https://mp.weixin.qq.com/s/zO3NZpNJ3OmlZcm7sTqKcA
140,揭秘网文IP的“短剧之路”：IP入股、“无息贷款”、改编三原则,https://mp.weixin.qq.com/s/Jo55RKJLM1fTXpYTPJNesQ
141,完蛋！国产剧行业被“口贩子”编剧包围了？,https://mp.weixin.qq.com/s/aOWZD3LuLdx2xLvpoMJhHA
142,《南来北往》刷新爱奇艺记录，《猎冰》被“骂赢”丨二月剧集商务总结,https://mp.weixin.qq.com/s/z-RTgMWi9VsGWAvf_8pPfw
143,Taylor Swift全球巡演：行走的GDP,https://mp.weixin.qq.com/s/VkXh4D4tkErqHLKK1goZ1g
144,影视行业回暖的风，终于吹到了香港,https://mp.weixin.qq.com/s/y6qvcQ2pMDA1Sbyh5eh0nw
145,短剧闯入海外：高举高打、本地化、AI和长期主义｜深度,https://mp.weixin.qq.com/s/7YqDr7qqk6FaVWEpxt0Kjg
146,“海外短剧是蓝海有机会，但更需要长期主义”｜专访点众科技,https://mp.weixin.qq.com/s/rnQSkmZL18O0LRq9LiRqYA
147,名人的抖音创作法则：新中式审美，反焦虑心态，综艺化编排,https://mp.weixin.qq.com/s/sKBUFZ1gvCC1w061MKLaGw
148,2月网络动画规划备案：《时光代理人》开新篇章，《眷思量》出第二季,https://mp.weixin.qq.com/s/wNRmk9s1Ba03skH0RqovMw
149,理想MEGA，傲慢的代价,https://mp.weixin.qq.com/s/n7T8aUkuhDpYz2eOJNMXHA
150,珀莱雅三八营销疑翻车，消费者太敏感还是品牌不敏锐？,https://mp.weixin.qq.com/s/Xkf-99LhjcqfmIjn4NdtCA
151,2月网剧备案：古装升温、男频起势、尾鱼IP出新剧，徐峥《囧徒》系列通过备案,https://mp.weixin.qq.com/s/aAQkb1Sp-y50KBBgwRYJeg
152,茶饮品牌的“抖音战场”：直播一天过亿，海量达人成“线上加盟商”,https://mp.weixin.qq.com/s/W00dyjYdzQrnGuwI7xSRqA
153,2024音乐演出7大趋势：艺人卷向国际，地点沉到县城,https://mp.weixin.qq.com/s/8myrkcNt0nmQ3Kr1O2HzCQ
154,配音配乐也失业？国产Sora Opera看视频配音效，还能生成BGM丨首发,https://mp.weixin.qq.com/s/tyqeJwkgFJK8NtmtVfdm7Q
155,吴京《奔赴双雄》为中美合拍，陈思诚韩寒联手拍女性悬疑丨新电影备案,https://mp.weixin.qq.com/s/gl80QGfIrEqpIp88taEQFQ
156,从北上广打到小县城，万店瑞幸超越星巴克,https://mp.weixin.qq.com/s/cbgtZcOp2nSJoUQVJjnB3w
157,横屏短剧“稳了”,https://mp.weixin.qq.com/s/yvXB1Z8R3rHemh_RRquRWw
158,县城宝妈做的“穿戴甲”，成了北美辣妹的心头好 ｜中国产业带,https://mp.weixin.qq.com/s/RgwYtsg7x3kuHOzThZkpIA
159,演出票务乱象频生，人人皆可当黄牛,https://mp.weixin.qq.com/s/82PAenA3Fn3rJOmMEXsuBQ
160,从《演员的诞生》到《无限超越班》，演技类综艺这一生是坎坷的一生,https://mp.weixin.qq.com/s/zWk_JcS1shI49RRdGx3tLA
161,新中式营销，为什么只火不爆？,https://mp.weixin.qq.com/s/DVhZKhjpTgJ_EZDY6iH-0A
162,最高破3000万，男频拔得头筹、韩风短剧爆火丨本周短剧Top 10,https://mp.weixin.qq.com/s/o1hRq-ITLF95D5iuM3bnFw
163,解码万部短剧起名：一场关乎中国人“完美人生”的极致狂欢,https://mp.weixin.qq.com/s/NzPZ0Eb6inKOoScx4oDSaQ
164,那些转行做短剧的人，财富自由了吗？｜调查,https://mp.weixin.qq.com/s/oP0eI96HJmx55lWifWLTzA
165,头铁的听花酒凭什么硬刚315？,https://mp.weixin.qq.com/s/cMdeo3hnJ1xfhujpf50aQA
166,余华新作《文城》、猫腻男频剧《大道朝天》备案，倪妮刘雅瑟搭档女性悬疑剧丨2月电视剧备案,https://mp.weixin.qq.com/s/v8rz6yNKclCLndqQWG4DrA
167,娃哈哈还能吃多久流量红利？,https://mp.weixin.qq.com/s/DHJbMrydCRQsy_fRniQTjA
168,TME在线音乐强劲增长背后：内容生态加速释放音乐消费潜能,https://mp.weixin.qq.com/s/dw6T1O_HfA9tbKIHr32RWg
169,网易脚踩腾讯破千亿，“小学生”撑起半边天,https://mp.weixin.qq.com/s/6TfVasQcvj_BShbCWksudA
170,传统影视人该怎么做短剧？｜对话抖音、完美、北京精彩、登峰,https://mp.weixin.qq.com/s/TQ6KjKQH9ElrQEEvyHPuGQ
171,2024的香港电影，到了触底反弹的时刻,https://mp.weixin.qq.com/s/GyMLvyTR5DkdFzsg2FGkiQ
172,电视剧《追风者》黄金段收视第一：儒意风起，万达提速,https://mp.weixin.qq.com/s/zL9CjXioQBRXI4zlEuPXIA
173,“医美印钞机”失速，年轻人不爱玻尿酸了,https://mp.weixin.qq.com/s/u9Gh40en6Oo5usOzNo-0Cw
174,黄油小熊背后，是表情包IP的泡沫经济危机,https://mp.weixin.qq.com/s/7ln8TgmD289d1s4OJFKLsw
175,《飞驰人生》影剧联动，阿里大文娱一盘“好棋”,https://mp.weixin.qq.com/s/9RJon-5mR2uaaxQWZ4plmA
176,女频很热，制作升级，热度最高破6000万｜本周短剧Top 10,https://mp.weixin.qq.com/s/IMRp2sY2zs_xiyc82XHvOQ
177,Suno改造音乐圈？还早,https://mp.weixin.qq.com/s/slYgzlaAZjcJcPpGeAlCcA
178,杨子卖1单腊肉，汪涵退货超75%，明星带不动货了,https://mp.weixin.qq.com/s/Tvg3xhQfwq5PdB1xyWPPnw
179,从社区出发，知乎盐言故事的“生态升级”进行时,https://mp.weixin.qq.com/s/jLBdV_m2qnhqVWU5nrdt0Q
180,在连续骂了《白荆回廊》两个月后，我患上了“荆”神病,https://mp.weixin.qq.com/s/SKXtmwcYuV-MF3I8iaqj0A
181,影视营销迎来“唯效果论”时代？,https://mp.weixin.qq.com/s/Rbhh3HVPb-aqNutsn7xabg
182,让米哈游”崩坏“的内鬼，是一群什么人丨调查,https://mp.weixin.qq.com/s/duoZK8G7ZgfGSz6s6iKmmQ
183,影视制作车落地，虚拟拍摄扩大应用规模，优酷“技术+”进行时,https://mp.weixin.qq.com/s/Zf9O7hlK5QNIrCZgcC0Iow
184,非直播收入飙升，两条腿走路的斗鱼更稳了,https://mp.weixin.qq.com/s/4mrpZbZqtmKNARGL4N3HhQ
185,李云迪2024大动作：发行全新莫扎特专辑+欧洲20城巡演,https://mp.weixin.qq.com/s/87jtWXFQCFic684P6miEpA
186,观往知来，《抖音娱乐音乐白皮书》给行业带来了哪些参考？,https://mp.weixin.qq.com/s/Fhp-WyTku-wZLBrdEVQ8JQ
187,B站CEO陈睿：为优质创作者搭建舞台，让好内容“被看见”,https://mp.weixin.qq.com/s/d0q4mPPRELpYexaWZ_TXcg
188,《蓝色星原》全女角：坚定的媚男策略有用吗？,https://mp.weixin.qq.com/s/cc_tuD63ntlJsutqytCq1w
189,2024年，短剧还有爆款密码吗？,https://mp.weixin.qq.com/s/byyecHVLylVju76LzyVu3Q
190,2月下电影备案：文牧野新作、开心麻花新IP备案，动画IP改编热,https://mp.weixin.qq.com/s/8ws-LkbWhSEwTv4AJ9-e7g
191,绑定张艺谋王家卫徐峥等，为什么欢喜传媒9年有7年亏损？,https://mp.weixin.qq.com/s/Kx_v6OjgVbFZ1pVGzFoRiw
192,3月IP衍生品：泡泡玛特强势领跑，《龙珠》手办销售额达1800万,https://mp.weixin.qq.com/s/UL0adLWaZjMzb2lmaXxlaA
193,《草木人间》复制《河边的错误》？文艺电影夹缝中营销,https://mp.weixin.qq.com/s/MJuU_EjYvCjwDGvU5vXwPQ
194,幼态、魔改、碰瓷营销，网易是怎么花10亿对付金庸IP的？,https://mp.weixin.qq.com/s/3mOd1D4BO5BptaxHd7aJOg
195,复仇与战神屠屏，恋综与特效爆发｜解析本周短剧Top 10,https://mp.weixin.qq.com/s/yuUK0av1BhP6Itm_AQ4xFw
196,2024孤独症日｜点亮璀璨星空 腾讯音乐以多元艺术对话“星星的孩子”,https://mp.weixin.qq.com/s/RtqaYu55JbXDSaNfz1oS5A
197,投入1000万+做短剧，品牌到底图什么？,https://mp.weixin.qq.com/s/mKMnR50gfH7ObUD7W6vvXw
198,3月互联网专利盘点：百度研究AI驱动数字人，华为聚焦VR成像,https://mp.weixin.qq.com/s/T8vJLBt85MhvMsQYMCjmDg
199,我们在春推会现场，看到新质与传统的碰撞,https://mp.weixin.qq.com/s/k2MfITtBZHAJVRge81jY0w
200,禁售、跳水，家用美容仪“塌房”了,https://mp.weixin.qq.com/s/0qIgcU7QjwNQw3La_D2evg
201,走访东莞，我们看到了中国潮玩的七个关键字,https://mp.weixin.qq.com/s/odXaZVYHXlrjiYK9mk1Wmw
202,《四海》后果麦亭东再牵手，5000万拍首部三国动画电影,https://mp.weixin.qq.com/s/uOgmvknGhR_CJ6zRap3HzA
203,三月暮，花落更情浓 | 小娱月报,https://mp.weixin.qq.com/s/lX4qY7b54wQ0nhFaqih8QQ
204,市场千亿，内容爆发，模式升级，如何打好微短剧转型之战？｜专访点众科技陈瑞卿,https://mp.weixin.qq.com/s/RJRcDCw4g8Va6QIeZQRZqA
205,半年八部回报稳定，包贝尔才是喜剧之王？,https://mp.weixin.qq.com/s/2w0V830P5KzcRHkfMbB5RQ
206,​3月网剧备案：檀健次金世佳二搭《猎罪图鉴2》，王宝强公司再拍网剧,https://mp.weixin.qq.com/s/BANXDjaDawpcq0sp9-TBJg
207,疯狂的黄金：开店门槛500万，加盟商手握上百家金店,https://mp.weixin.qq.com/s/FDCqNlHowvuXO9FL_axS_w
208,舆论风暴中的“中国马斯克”之争：李想VS雷军,https://mp.weixin.qq.com/s/LrsTVcxujEKynMPFpXb03Q
209,引进片抗大头，国产片聚小力，清明档8亿上岸,https://mp.weixin.qq.com/s/mqPJrWmLWMB4mcEs6r8zZw
210,《与凤行》刷新《繁花》纪录，三月剧集又迎招商热？,https://mp.weixin.qq.com/s/JwzayY7Y0N6u4n5RSlSSHw
211,《令人心动的offer》综改剧，坂元裕二日剧被翻拍丨3月电视剧备案,https://mp.weixin.qq.com/s/nnA9XhWvLYKnGDl7_oEXZQ
212,从「率先入局」到「持续领跑」，快手短剧做对了什么？,https://mp.weixin.qq.com/s/huXeKLta84ouG63EQQVRTw
213,我在小红书当了两个月汽车博主，看到今年车市的三个秘密,https://mp.weixin.qq.com/s/ZDexxGvJwIBcZpR9KB0Ltw
214,柠萌咪咕上榜，复仇剧卷土重来，亲情剧迎来春天｜本周短剧Top 10,https://mp.weixin.qq.com/s/t-wWShx5h21dN0iME4bZtQ
215,娱乐资本论招聘持续进行中,https://mp.weixin.qq.com/s/IdImmScOENSPVcmWau6Krw
216,一边AI做新闻，一边关停70台，各地广电加速了！,https://mp.weixin.qq.com/s/Qodyrr8YIdT6IOGIl7dqag
217,当成为头部演员后，为什么他们不想拍短剧了？,https://mp.weixin.qq.com/s/mkI6SP1CqgDx3pHzvE9Xig
218,智己VS小米背后：“碰瓷式营销”的下一站，是“技术降维营销”,https://mp.weixin.qq.com/s/C_FKW0e0jo0xVi8PB6eLHw
219,21岁的《梦幻西游》，遇到了史上最大的坎,https://mp.weixin.qq.com/s/ZY5d6NEnpQw8z_Uy5i-gnQ
220,“《完蛋》给了我创业的新方向，从未融资如此顺利”｜专访《定制女友》制片人,https://mp.weixin.qq.com/s/boYGho2MtkFPqmSNb1N55g
221,“卷”不动的茶饮店，开始扎堆“卖”健康,https://mp.weixin.qq.com/s/CM82qZ87YrlU1AP3LSQsyQ
222,情绪价值、迷宫设计、戏剧基础，《完蛋》的成功不可复制｜专访《完蛋》监制杨晟,https://mp.weixin.qq.com/s/TefZblDhn_StYElekkdQAg
223,被安踏远远甩开，李宁怎么了？,https://mp.weixin.qq.com/s/itXtgTbT5UQE9vZThk33ag
224,请王一博代言、与兰博基尼联名：吨吨桶为何逆势营销？｜品牌深壹度,https://mp.weixin.qq.com/s/aoiJdn9w1HJzuXRcXF32RQ
225,“能拍长镜头又有前景，《完蛋》救了我一下”｜专访《定制女友》导演,https://mp.weixin.qq.com/s/mt6G6VXydv65iRpWTLIZXw
226,北影节招募｜体育类内容如何创新？听听腾讯视频、咪咕、华谊等嘉宾怎么说,https://mp.weixin.qq.com/s/yGrUVlHE9WcMwo6LbcPIUw
227,赞助北京半马却陷假赛风波，跑鞋之王特步如何收场？,https://mp.weixin.qq.com/s/tN4rkZS7QM0MYba0B71DWw
228,月之暗面创始团队持股不足半，为何他们不担心？,https://mp.weixin.qq.com/s/utGN-BcYhZNEjsvsquFKSw
229,《深宅》破3600万，复仇爽剧是短剧新的财富密码？,https://mp.weixin.qq.com/s/zenXPsIGggMrvSVVGxCdaw
230,经历三大阶段的出门问问IPO，是港股“AIGC”概念试金石,https://mp.weixin.qq.com/s/QiGH9Prfj5h2j6gu2JPACg
231,女频战神登顶榜首，逆袭+复仇依然为流量密码｜本周爆款短剧秘诀,https://mp.weixin.qq.com/s/O6e11lFUA1cBKRBE6tZzCw
232,3月上电影备案：黄渤倪妮合作新片，两部《寒战》备案，王晶翻拍《纵横四海》,https://mp.weixin.qq.com/s/CvwKyy5jH1ChilhovbyN2g
233,音律联觉-不觅浪尘定档：独属于《明日方舟》玩家的狂欢,https://mp.weixin.qq.com/s/X9l55vxQu_NISZBfbSuL6A
234,两周近7亿，“看不懂”的宫崎骏为何能超预期？,https://mp.weixin.qq.com/s/wyQm-DTHCJY-NEL3_-B6wQ
235,从1000元到8000万，类《完蛋》游戏是致富新路吗？（上）,https://mp.weixin.qq.com/s/5TltZw1GI1PZEL3VKcKt1g
236,游戏行业多年防沉迷，却因渠道服被手机厂商“偷了家”,https://mp.weixin.qq.com/s/7jrjZQJj5PCQKq2wdQDFWg
237,2024，国漫的又一个“千禧年”,https://mp.weixin.qq.com/s/ONw68BXLrSgkVxMLycztgA
238,“长城，炮！”一声吼，长城汽车赢麻了,https://mp.weixin.qq.com/s/oi5BWldx9zFGDmZwyzNfnQ
239,80%退票手续费、溢价更高的黄牛票：“强实名”后观演成本更高了？,https://mp.weixin.qq.com/s/215c30jJ-wObHMgH_pF3eg
240,汽车销售们在闲鱼的隐秘江湖,https://mp.weixin.qq.com/s/5l30bF1QND3WutrEm1busg
241,露营2024：奢牌跌落，白牌狂欢,https://mp.weixin.qq.com/s/vM1BaLRv_fWCiN9h6JUQVQ
242,许美静演唱会“退票”风波：一场有预谋的情怀收割,https://mp.weixin.qq.com/s/7Pu94nTt1TImdiGM-WiwUQ
243,喜剧综艺的开场嘉宾，场子热起来才重要,https://mp.weixin.qq.com/s/Q6OZ5r0iq1HfVA1gJ6RKzg
244,“看着王妈笑哈哈”，一二线女性也在偷偷看土味短剧？,https://mp.weixin.qq.com/s/XM8fwOgCb9tpF1RBMBAsWA
245,​连接大众、创新融合，体育垂类内容如何破圈？ | 北影节论坛干货,https://mp.weixin.qq.com/s/yQMQGBv9gIWOCJD65z-hGA
246,AI内容战，卷向跨模态,https://mp.weixin.qq.com/s/9C8LqlKJUJ9wvdY3WhgPRA
247,《逃出大英博物馆》后，游戏如何做文物拟人化？,https://mp.weixin.qq.com/s/9yULYnXmXMoaIaN2AUYVCg
248,“影游需要爆款，好产品之间会相互借力”｜专访《名利游戏》导演,https://mp.weixin.qq.com/s/womuObZbYdlz4vdwHw67EA
249,阿凡达、仙剑缘起、昆特牌等手游，是怎么在拿版号的路上死掉的,https://mp.weixin.qq.com/s/I4GD-mHAfjrr048PSsjJqg
250,类《完蛋》就像“辣椒炒辣椒”，只有美女做不好产品｜专访互影科技,https://mp.weixin.qq.com/s/ImYgBJoi5U-JhQ1J-FhVdg
251,“AIGC”第一股首日破发21%，AI概念不香了？,https://mp.weixin.qq.com/s/da8eZX_YQy6qZuvMZnrffw
252,饶雪漫向下、桐华向上，青春疼痛IP分化史,https://mp.weixin.qq.com/s/F1vsRNYJCJXTEohbrTCCiw
253,“花百万都进不了”？艺考作弊门后我们找到了“李闽轩们”,https://mp.weixin.qq.com/s/oIznuGM4MWw4ASv0r4UyYQ
254,人均消费1500元，郭敬明开始赚普通人的钱？,https://mp.weixin.qq.com/s/RNY67SjYTx4aMmdpeW_5Ow
255,爱奇艺是怎么走向Next Level的？,https://mp.weixin.qq.com/s/7dfITmKF8s1NHmSwvJXnjg
256,“《完蛋》只是前菜，我要去日本拍摄掀翻亚洲男的桌”｜影游调查（下）,https://mp.weixin.qq.com/s/0fwhE1Iq8GVPvEIgWxRAuw
257,北京车展，该爬车顶的不是周鸿祎，而是哪吒CEO,https://mp.weixin.qq.com/s/KcHDgdRtBhISFQJnBZrNOg
258,怡宝PK农夫山泉，差了一个东方树叶,https://mp.weixin.qq.com/s/g7IBRcGcBsEbcS-Ck4rpkg
259,助Keep收10亿？联名奖牌成游戏粉丝新社交货币,https://mp.weixin.qq.com/s/imBPqNZG8xEc8RgUiVQ-Cw
260,四月盛，绿意更盎然 | 小娱月报,https://mp.weixin.qq.com/s/Pa2cS3kpdThRjVYoPFAhZw
261,靠24万利润市值涨了120亿？透视中文在线财报里的ReelShort,https://mp.weixin.qq.com/s/L9b4V7c-BO1rbm0WKe-Hyw
262,超速？智驾失灵？问界博世AEB疑云,https://mp.weixin.qq.com/s/fEAITC_0O15_-uOxWQFfRA
263,AI音乐热潮下，“神曲工作室”率先失业,https://mp.weixin.qq.com/s/roHH5M75fS1HzGlGSIFXLg
264,微短剧产业路在何方？从产业政策看未来微短剧生态,https://mp.weixin.qq.com/s/Qfc-3sN2UvRNlqgHQf5Uzg
265,三部跑路、四大捆绑、五一档宣发也讲究性价比？,https://mp.weixin.qq.com/s/pwPzh66cGXHjXBXhBTw4kw
266,淘宝、美团、拼多多……互联网平台做短剧，图什么？,https://mp.weixin.qq.com/s/Hv9CSHnLa_skSqkYowseOA
267,花了这么多钱买“加速包”，我高铁票呢？,https://mp.weixin.qq.com/s/eFgMN70aS_-eeoV74ME03w
268,陆川《749局》：一个死于资本，复活于产业自救的样本,https://mp.weixin.qq.com/s/L7h46YOM40NugnQHWSLCQw
269,“中式恐怖”独立游戏何以获得高赞？|对话《喜丧》团队,https://mp.weixin.qq.com/s/HYnaB7e5Wjp_1NsOynKG1g
270,防晒衣这么卷，高价的波司登能突出重围么？,https://mp.weixin.qq.com/s/WIaUM323Oxlg_FV5fGdK5w
271,自制爽剧、合作《与凤行》，闲鱼在下怎样的娱乐大棋？|专访,https://mp.weixin.qq.com/s/EcOghb4d7T-Yuxzlq8etcw
272,巨头们冲进演出票务市场：小程序、主办方、直播带票，谁是未来？,https://mp.weixin.qq.com/s/M-Qqg3fIvo3DE7CkwfQ_lQ
273,15亿五一档电影复盘：北看《末路》，南有《九龙》，势均力敌缺乏惊喜,https://mp.weixin.qq.com/s/nUm0TlT6igf5YSzhr3GpXg
274,谁正在取代谷爱凌？,https://mp.weixin.qq.com/s/EMQhoU-z_InqF1DBQnYEfA
275,La Mer找周杰伦代言，顶奢护肤品牌被逼成啥样了？,https://mp.weixin.qq.com/s/TTak29SjAxi5eVmgDNHGlQ
276,“九龙城寨，不止是罪恶之城” | 专访郑保瑞,https://mp.weixin.qq.com/s/WSZyVeG-co7_u73sKvp2ew
277,“配娱”地震无人生还？知名CV授权AI配音惹众怒,https://mp.weixin.qq.com/s/ENN6u7EeQLQwbkKdrszaug
278,如懿不如意，太监起高楼,https://mp.weixin.qq.com/s/sMChxuF-ouOrVqiESXhrrA
279,套路故事获得千万充值，无脑情节惹得观众上头｜《遥远的她》凭啥能爆？,https://mp.weixin.qq.com/s/VEEUixObc5gxjxvdlq1D3w
280,困在商业化里的小红书,https://mp.weixin.qq.com/s/coq_PgdMB5u6GGdZeciliQ
281,直播电商可能救不了出版业，但能挽救一本书的命运,https://mp.weixin.qq.com/s/xX2Mh32hMPduxmXVEEqtPA
282,完蛋！女性向真人乙游真的不行？丨互动影游③,https://mp.weixin.qq.com/s/8ZHWoBOiyhVqrCfE-3QXlQ
283,4月网剧备案：古偶回温、公安发力，《将门毒后》将拍,https://mp.weixin.qq.com/s/zqf5YeIBKcteI66FGQGMmQ
284,爱国流量还没吃够，香飘飘就被反噬了？,https://mp.weixin.qq.com/s/250_e3SGFjNCyp8AoA9BMA
285,为什么《城中之城》成了“向上创作”的新样板|专访爱奇艺杨蓓,https://mp.weixin.qq.com/s/d4aScPaX69l0FL9aZxvR4A
286,大厂AI人，奔向香港,https://mp.weixin.qq.com/s/Y-I-qktWiD2BXSRI2eQBjw
287,蓝月亮母亲节广告翻车，品牌如何做好女性向营销？,https://mp.weixin.qq.com/s/_fW-GLE6syVNzoys6ZldTA
288,儒万系赚182亿、影院转轻资产：2023财报透露了啥,https://mp.weixin.qq.com/s/QdMhFrYy4OzOwIVPzY_quw
289,撤档仍在映，导演对立宣发，《火锅》是如何步步错的？,https://mp.weixin.qq.com/s/1A4RvzgzT873naZcTAVgaA
290,《微暗之火》导演姚晓峰：如屡薄冰的危机感，才能保证作品的生命力,https://mp.weixin.qq.com/s/4Tl3YLgKMjjq8cS1WZdlDQ
291,70位从业者调查：那英之后，歌手的营销怎么做,https://mp.weixin.qq.com/s/T9hDCeWsUeBQxo2QxFKKJQ
292,把百度副总裁璩静忽悠瘸了的，其实是一个钳工,https://mp.weixin.qq.com/s/ojAapCFoDxBpQvkjeajLtA
293,ChatGPT没有做的AI搜索，是不是下一个战场,https://mp.weixin.qq.com/s/6eSSq3xPSd3HcPCyUxGNgw
294,4月网络动画备案：同比增长8部，《完美世界》《遮天》新篇备案,https://mp.weixin.qq.com/s/5dIDw_GvVFl9_Q99d5iG_g
295,77.1亿次围观之下，我们找到了抖音游戏营销的新路径,https://mp.weixin.qq.com/s/Ncs-wj-kJuiedaAqOv5lKg
296,《开始推理吧2》，一场吃力但巧妙的社会派推理尝试,https://mp.weixin.qq.com/s/lkOz4nJjW2LDthbhLXfozQ
297,猫meme走红，赛博时代的“情绪消化剂”,https://mp.weixin.qq.com/s/Mi0juscVfDW2p_Amx_3eZA
298,OpenDay一周年，格调渐成,https://mp.weixin.qq.com/s/kXAEhBNasZEG8s1YjWvXeA
299,超级主播，急着捧“接班人”,https://mp.weixin.qq.com/s/_cp4u8GzjF2QvKv8fqiDkQ
300,3天涨粉314万，泼天流量砸中“草根网红”郭有才,https://mp.weixin.qq.com/s/SmAtpwNhKb7hcVEHoeSktA
301,520静悄悄，卖不动爱情的品牌如何“反向营销”？,https://mp.weixin.qq.com/s/WOjELiBlj3ECZ5YyOJfSzw
302,我，异地买车省了2万多，“就当青岛请我免费旅游”,https://mp.weixin.qq.com/s/E62Y5gK5TpT_E1ugf3CIkg
303,98%的短剧在亏损，短剧亟需精品化,https://mp.weixin.qq.com/s/6Hyorb6oq4fMXeDRXGquAQ
304,港漂，大厂人的下一站,https://mp.weixin.qq.com/s/oErIVvKNbGlnJPn9f0Mmcg
305,日入8万、奖励SU7、月入4000，短剧投流手的AB人生,https://mp.weixin.qq.com/s/OiVA22l2tWKXTArwMnRwMg
306,玻尿酸“审美疲劳”，华熙生物进退两难,https://mp.weixin.qq.com/s/WY2FRux2CDQ5qDYuoDUs0g
307,揭秘参哥商业金字塔：贾跃亭、璩静、毛毛姐“信仰不灭”,https://mp.weixin.qq.com/s/njS-uK8DLiSzQQ2mUugREQ
308,争执不休的香菜话题背后，是品牌的好生意,https://mp.weixin.qq.com/s/Z2dGq6bLuxAu0-BCnEkXXQ
309,双男主剧不搞“耽改”搞什么？,https://mp.weixin.qq.com/s/5ljAtwdRx0s4-xyX5YqzGw
310,8000万撑起520档，舔狗已死有事烧纸,https://mp.weixin.qq.com/s/6sO9c3a5ccxnTnblXpDAzw
311,卷款4000万跑路，淘宝网红女装店爆雷始末,https://mp.weixin.qq.com/s/sb30k2uTJ1cp4MUdXMRh_Q
312,“顶流网红”郭有才：传5000万被签约、日赚超100万，为什么是他？,https://mp.weixin.qq.com/s/6miJqb2wVdehCaxunmiRUQ
313,268！相比国游《黑神话》定价翻倍，争议下是它的野心,https://mp.weixin.qq.com/s/30_9f6cj1Z4Y4zC7uj-zXg
314,优爱腾芒的野心，都藏在了迷综的四大象限,https://mp.weixin.qq.com/s/tO6Vu5gby6_VSrvUj9JQ0A
315,金晨孙阳新片、李小龙故事备案，快乐星球将拍电影丨​4月上电影备案,https://mp.weixin.qq.com/s/0DM86jpkGeigeoLesNK-MA
316,618开篇：取消预售后，促销变简单了吗？,https://mp.weixin.qq.com/s/IyPxO2WkPQ53Z6L5gV7X0g
317,博纳补助过亿，中影占利润三成，政府补助才是影视行业支柱？,https://mp.weixin.qq.com/s/GorLOAgF_AyFpwE8xEfFmA
318,洒泪式营销退场，起底2024冷档期破局之作宣发方法论,https://mp.weixin.qq.com/s/Ei0zvseQL8h8iRy-dDZmHQ
319,PC游戏启动器，米哈游腾讯的下一个入口级战争,https://mp.weixin.qq.com/s/gl5tnlF3Vw8443ZddivKZg
320,复盘《庆余年2》“剧王速度”：1集9广，首日拉新夺冠,https://mp.weixin.qq.com/s/USn1GsAwzwABvj9zrXnZWg
321,毛羽在“电影业高质量发展分论坛”上的致辞全文,https://mp.weixin.qq.com/s/c-s1KVMzsZcIS1IJvJ19CA
322,腾讯网易还得氪“中年宅男”,https://mp.weixin.qq.com/s/jSflXDVq3k17XEFrFBchTA
323,取消播放时长改革，B站为什么“怂”了？,https://mp.weixin.qq.com/s/k7qssJEGez75hdbu-NXBqw
324,长视频“剧场”暗战：类型突破、长线产能、内部竞争,https://mp.weixin.qq.com/s/DoAWaIVSkBp1OeaGoGaIfQ
325,“只管生不管养”的奇瑞，如何让仅诞生四个月的iCar火出圈？,https://mp.weixin.qq.com/s/tvBS4PuOVhwXNb1ponouEw
326,OpenAI硬蹭寡姐声音？《Her》走进现实却是以侵权的方式,https://mp.weixin.qq.com/s/Mw0cKxejNpou6UiPXKJXaw
327,叠纸祖龙上公堂，《暖暖》《以闪》有一战,https://mp.weixin.qq.com/s/5rY0n2ASPdFakAxK8J0C4w
328,中国零售大洗牌：商超巨头们一年共亏损49亿，为什么？,https://mp.weixin.qq.com/s/xmpawHSf-d3GRhdlzlxfYg
329,UP主2024变局：直播大赚、“充电”无门，离开一线,https://mp.weixin.qq.com/s/kgsOFRExIw0DEE185B31_w
330,公费追星、辱华争议、古装缺失，逆水寒水逆了,https://mp.weixin.qq.com/s/s2Qiq3l7T70LU2l427paCQ
331,消费降级，为什么中产依然狂买始祖鸟？,https://mp.weixin.qq.com/s/bIhBUj8d5YbEEdJUdVA-jQ
332,大搬运时代：公号看鹅组、知乎看A岛、微博看虎扑…,https://mp.weixin.qq.com/s/TtbeaeSkxo1mbZ0V1QyUMA
333,贾乃亮逆势打爆618：价格力、服务力与平台推力,https://mp.weixin.qq.com/s/5LBb93qiB9kgAVrEWgZNdw
334,一年13.6亿农产品订单背后，年轻人重回山野田间,https://mp.weixin.qq.com/s/g7rttcHQImcy1x9jCac2Gw
335,对话博物馆｜“丑东西”、冰箱贴…为什么年轻人爱上去博物馆“进货”？,https://mp.weixin.qq.com/s/gdyh8axQtWqqWOxQqeKdHw
336,生活节奏不断加快，为何电视剧却在不断变“慢”？,https://mp.weixin.qq.com/s/rSh5JwxXCiBX_z-bmtC5qw
337,中国短剧地图：男频看西安，女频在重庆，太子还得是杭州,https://mp.weixin.qq.com/s/f4G2JpmIAvgQ5WsInocZtg
338,优酷《新生》启示录：短精剧的春天来了？,https://mp.weixin.qq.com/s/McAOrv7a1yU3IlBAtBaFYw
339,漫改剧赛道分野：男频燃系、女频唯美,https://mp.weixin.qq.com/s/waghHgwqjebbvU6eojtwYA
340,欣欣向荣万物生｜小娱月报,https://mp.weixin.qq.com/s/yLxsYv3v-4Npe7tCVDKNAQ
341,对话周星驰团队：短剧更像是星爷与创意人的合作媒介|独家,https://mp.weixin.qq.com/s/QrD_7x350XviOVZ7o30pUA
342,成为中国少儿真人第一IP，蕃尼做对了什么？,https://mp.weixin.qq.com/s/IrGFq8etka7THaYPv3eARQ
343,“唐探”“盗笔”宇宙新篇备案，《道诡异仙》克系+修仙脑洞大开｜5月网剧备案,https://mp.weixin.qq.com/s/j7mz3IZDWMoJHno2XtzV2g
344,５月IP衍生品榜：超级元気工厂夺冠，南派泛娱保持第一,https://mp.weixin.qq.com/s/pVor4EI-tjS8b4Qe_SL3OA
345,赚补贴、做公版、闯原创，中小动画正冲出“隐秘的角落”,https://mp.weixin.qq.com/s/lW0SlXJJHWWnEl52AAXhSg
346,跨过金融行业的门槛，《城中之城》的主创们都做了什么？,https://mp.weixin.qq.com/s/kH5BbAQ4pAqduULOW-EdmQ
347,抖音+音乐节=？｜对话抖音演出,https://mp.weixin.qq.com/s/vvpYrZxKPt9voiLiyqfKbQ
348,希尔顿罚款3000掀开隐秘产业，酒店代订到底是怎样的生意？,https://mp.weixin.qq.com/s/3CGH6cnAo7C4PTkaVk5sMA
349,复盘《狐妖》困局：一步是先烈，半步是先驱,https://mp.weixin.qq.com/s/fO9lLnRBFSo-XsHDkPj-rw
350,AI游戏走到哪一步了？,https://mp.weixin.qq.com/s/I0fd0kkE6TMMKlsl6vfU5A
351,《斗罗》《龙族》《凡人》出新篇，《盗墓笔记》3D动画新尝试｜5月动画备案,https://mp.weixin.qq.com/s/ngyZ0yo3UFN2BmcP8Zdk6A
352,80%差评，为什么还有这么多玩家抢着玩？,https://mp.weixin.qq.com/s/A7eE3f6ti8gGeg0ow_HdEw
353,招魂塔罗高奢钻戒，乙游玩家三次元也要“谈恋爱”,https://mp.weixin.qq.com/s/HOUWQBaBNSju-ZnUkiACXg
354,“黑”老板、当梦女、下场反黑，艺人小助理走红的一百种方式,https://mp.weixin.qq.com/s/FnLvoO7dIigI-M0GvzS3gA
355,全民开追《墨雨云间》，优酷全民解压神剧，暑期档开局即爆？,https://mp.weixin.qq.com/s/7UotAEdQTl_1Zb2w47iYjw
356,《庆余年》给长视频的三个“明示”,https://mp.weixin.qq.com/s/-KI16voaRH0-4c-JpW-Nkw
357,TVB改革迎来“大逆转”时刻,https://mp.weixin.qq.com/s/Fs8faFD5tnvvB-lCNnpUYg
358,“我的剧充值1700万，但我一毛钱没拿到，等法院判吧！”｜短剧行业调查,https://mp.weixin.qq.com/s/Dhm2emihTRxLGdOwEGwntg
359,艺术与商业共舞：优质音乐节IP如何炼成？｜对话创娱无界,https://mp.weixin.qq.com/s/gOgAwIVBagh5UYijYrOJdA
360,电商平台纷纷上线的“自动跟价”，逼急了亿万商家,https://mp.weixin.qq.com/s/HZJpl3D1HBd50S5dRMZz4A
361,30万人疯抢1998元收藏版，黑神话的定价策略太对了！,https://mp.weixin.qq.com/s/CrYECTvg_X2CQ1MzHMH5Aw
362,调查50位Z世代后，我们总结出水上闯关综艺长寿秘诀,https://mp.weixin.qq.com/s/3V-kXES0JE_Cm7NIesip_A
363,《墨雨云间》“爽”成爆款，欢娱剧说尽半部国产剧“大女主们”成长史,https://mp.weixin.qq.com/s/13aP4xVQ3dl9I766SN7bdA
364,臭梗+饭圈，第五人格回魂的流量密码,https://mp.weixin.qq.com/s/qW2IJu8a6KqV1Skq4Yg5ag
365,贾玲代言Prada，一场成功的个人品牌重塑,https://mp.weixin.qq.com/s/llE17lbb7LeCmfnCYs4uNw
366,马斯克跟苹果互怼，但他们没告诉你的AI隐私真相是？,https://mp.weixin.qq.com/s/YM6O1wAqB7ilOirw3HQAUg
367,618卖不动的美妆行业，悄悄跑出了一条30亿的蓝海赛道,https://mp.weixin.qq.com/s/pJtYgVKDvE_c2MO-vyJ1Xw
368,S级不香了！2024古装女频如何越级杀？,https://mp.weixin.qq.com/s/qEEB2Yqr1EDy-jXMBt3ejw
369,5年了，为什么B站还要做毕业歌会？,https://mp.weixin.qq.com/s/Ueq0X6OfQmd6DCRS_Oufsg
370,电影抗周期、AI工具论、加入国际“大循环”，大佬又在上影节说了什么？,https://mp.weixin.qq.com/s/iI1N1iznw6mqSGVlnKCLaw
371,《狐妖月红篇》收官，揭秘有深厚文化价值的古装大剧如何为品牌赋能,https://mp.weixin.qq.com/s/NPszGNRJ1F_bO1p84-ocfQ
372,AI绘图的版权争议，终于也烧到了AI视频,https://mp.weixin.qq.com/s/XUNKd2ZsJgAYZknNTDtlaQ
373,扫地机器人越卖越贵，动辄5000+的机器到底谁在买？,https://mp.weixin.qq.com/s/fO53TbQCZpYBBauuugjnug
374,提档狙击魔兽，塔瑞斯世界的碰瓷营销成功了吗？🧙,https://mp.weixin.qq.com/s/QgVTb7qS3tbbkXFdzZ-ZbQ
375,买不到用户的大模型，开始倒闭了,https://mp.weixin.qq.com/s/_I6pk97ho7e-kuLL6vQS0g
376,行业拐点已至，短剧的下一个抓手是IP,https://mp.weixin.qq.com/s/bwFalWidXZp3DX79q56JwA
377,《美食来敲门》上线：南京如何打造文旅微短剧范本？｜对话,https://mp.weixin.qq.com/s/21p9RsHjGvXyGm1G4MkDRw
378,影游互动，下一个百亿级市场，国内首份报告出炉了！（附下载）,https://mp.weixin.qq.com/s/PShTJ5aABLJNkHP9gUa0uQ
379,离职博主，伪命题还是好生意？,https://mp.weixin.qq.com/s/4ZuB59XBd7qZUv9o4VPFYw
380,穿越周期，重塑电影内容价值,https://mp.weixin.qq.com/s/hduVIVXTpxCOSAl74F3jOg
381,35万降到17万，奔驰宝马奥迪今年怎么都跳水了？,https://mp.weixin.qq.com/s/Jze4z34JQz7iQ9BQ_v6BRA
382,《剑网3》无界公测，能当逆子《逆水寒》的对手吗？,https://mp.weixin.qq.com/s/plYdnHx5CiXuC9D57r2ebA
383,倒在酷暑的“雪糕刺客”，正在被Gelato取代,https://mp.weixin.qq.com/s/HjpIV9D3j5gzbwi6QbwBFA
384,深入剖析《墨雨云间》：女性主义题材作品的模式颠覆与创新,https://mp.weixin.qq.com/s/-njGJST_wOaXNsDeyhyhcA
385,在上影节，看见香港新生代的新机会,https://mp.weixin.qq.com/s/QJ3TFose2IVTPxuQ8p7B6Q
386,骂杨幂，看来真的是一门生意,https://mp.weixin.qq.com/s/qqo0hjI2WGxKu89v-tzYgA
387,《玫瑰的故事》成“舔颜剧”，命中美女赛道的正确打法,https://mp.weixin.qq.com/s/DAnUTshhP7Z8G7u387s8oA
388,转手十倍利润，在国外修手机能这么赚钱？,https://mp.weixin.qq.com/s/05wkDqI5F4F15qGgY4ng_g
389,抖音卷低价，货架先洗牌,https://mp.weixin.qq.com/s/bEiE3ZQcRTptZPWNIGLMqA
390,何猷君冲击IPO，中国电竞第一股不靠思聪靠嘉尔,https://mp.weixin.qq.com/s/8C8HFAaeR1RT2Yp-vSIn6g
391,《桃花坞》总编剧周楚囡：尊重失控，享受真实,https://mp.weixin.qq.com/s/V5Ke73WOxv2GWpUcH2iQag
392,综艺怎么用好“下乡”这块新地图？,https://mp.weixin.qq.com/s/UZv-ihYCz4ClicJ0CfHi7w
393,腾讯视频收获季，播种好内容的新种子,https://mp.weixin.qq.com/s/ulXDuylKYAceuhbGk5oXXw
394,上海电视节开幕论坛：中国影视+无限可能,https://mp.weixin.qq.com/s/ImB9nyUMJbLfzN4cPpqlIQ
395,陆川《西野》上影首映，联想AI PC开启创作者经济新时代,https://mp.weixin.qq.com/s/wCMp-NWFYLYIIKsH8dgfWw
396,角色贴脸、打戏过瘾，内容出海的金庸武侠世界还做对了什么？,https://mp.weixin.qq.com/s/Ic-Oou3jkCZ2qdHq82IPcQ
397,中产萎靡，标榜“调性”的高价品牌集体坍塌,https://mp.weixin.qq.com/s/Ce-Xx1tJhNl7EWrI7_17VQ
398,拼视野、拼审美、拼深度，2024剧集市场进入“高品质2.0”阶段,https://mp.weixin.qq.com/s/ligBhs1n4QAg2mc1p0PEdQ
399,全面解析霸王茶姬的激进营销：如何成为「东方星巴克」？,https://mp.weixin.qq.com/s/njDWqv8yttM8bt2HV22Mvg
400,AI男友这么好，乙游玩家怎么不认呢,https://mp.weixin.qq.com/s/zD1R9y7RMH0cNV_vnOa0EA
401,OpenAI投资人入股A24， 估值3.5亿美元，好莱坞终被AI化？,https://mp.weixin.qq.com/s/DngVqpcrLmRgWffURvUBxA
402,与传统渠道分手的腾讯，拥抱抖音,https://mp.weixin.qq.com/s/SA-iBmkxZQ64A8LIGb0-Kw
403,8块钱的擀面皮赔了800万，胖东来的诚意你学不会？,https://mp.weixin.qq.com/s/bvzC-Yp1kp40UghG8_WVcw
404,音综受阻，说唱重回“地下”,https://mp.weixin.qq.com/s/eTc3QJe8JVFlI9HiNYP43g
405,千亿规模市场已被验证，XR的线下文旅正在爆发｜上影节观察,https://mp.weixin.qq.com/s/tuWXubNZ0SnSyQNgB17JlA
406,胖东来“爆改”永辉，销售额翻了13倍,https://mp.weixin.qq.com/s/s2_AG9reL5QVaNma-_v1Ew
407,代言都找腾格尔，贪玩心动命运不同|6月明星代言游戏投放观察,https://mp.weixin.qq.com/s/s9pM_3eMvjlWmkHoU-FUWQ
408,孤独星球退出中国，小蓝书终敌不过小红书,https://mp.weixin.qq.com/s/2Cv2osoRw_1_XXgfPs5p5w
409,上亿的投入，谁分到了文旅营销的蛋糕？,https://mp.weixin.qq.com/s/4e8T3wrSKIqI0IGWBwjZ9g
410,全网都是的“避雷帖”，藏着多少坑？,https://mp.weixin.qq.com/s/4ZA2HuMgYaqKqab_DOdr0A
411,六月繁，骄阳似火｜小娱月报,https://mp.weixin.qq.com/s/vEv53h19-I3Hpp7ZQLmElw
412,一篇内容涨粉两万，小红书新赛道是淘金梦还是摔跤场？,https://mp.weixin.qq.com/s/1aDE9IOuy-IZRgMbzBEZXw
413,从查税到退市，文娱行业连遭资本“四重揍”,https://mp.weixin.qq.com/s/J2Yn38H7U81ftQktlZ-Ayg
414,谁让金庸IP宇宙走了弯路？,https://mp.weixin.qq.com/s/zwdsOGoT0WVS9IdIepyLmw
415,国产剧破圈海外的四大趋势丨上视节观察,https://mp.weixin.qq.com/s/mDzmXNOfs_co12G8qLZ7Yw
416,网易投入10亿、《重返未来》单月破亿，“新怪谈”成为新风口,https://mp.weixin.qq.com/s/pgRV3OpeMH3Sjz3AMUS-bw
417,罗永浩之后，直播间还能成为还债的主战场吗？,https://mp.weixin.qq.com/s/82glBliCAgQSt3M4qSUq6A
418,车企患上“流量焦虑症”，视频号是新出路？,https://mp.weixin.qq.com/s/05vr-ML_0536hBefJOAnJw
419,从庆余年拆卡到瑞幸玫瑰，影视周边进入3000万GMV俱乐部,https://mp.weixin.qq.com/s/YUrE0Iky8vz011qTxnk56Q
420,头部主播退场、白牌强势增长，立白如何守住直播电商？| 品牌深壹度,https://mp.weixin.qq.com/s/SWbH4UzkXDjRH9D0gAxQ2w
421,从“全民”到“全球”，王者的求变之路,https://mp.weixin.qq.com/s/6tg7Y_jyJ_7sbdocrKMrCQ
422,对话海河乳品：“香菜牛奶”诞生记 | 品牌深壹度,https://mp.weixin.qq.com/s/dO5UUCoxgxEznh7OjO6V7g
423,爆发式的短剧行业，如何在多线协同中寻找秩序感？,https://mp.weixin.qq.com/s/Dp6k1BD9Vf4J2lx4-C1wVg
424,爱优腾新战场：4600亿少儿赛道十年之争,https://mp.weixin.qq.com/s/LYGxal0uOzQExb99H71KEw
425,5秒图文一起出，人设稳定不出戏，这是史上最牛的大圣AI,https://mp.weixin.qq.com/s/PF3wk6w4ABXIz-UA_CiG0w
426,日式复古风＆多元化，《绝区零》很不米哈游,https://mp.weixin.qq.com/s/ujlQ7Sa465Xr1TiEHEQRZw
427,只有两部电影能救暑期档丨票房预测,https://mp.weixin.qq.com/s/jZTCIAvow1FUjWmGUli5_w
428,日系百货谢幕，上海梅陇镇伊势丹关店的背后,https://mp.weixin.qq.com/s/3SPSkpatpoc8LLQhl_A24A
429,IT巨头之子掌控媒体帝国：Skydance 豪掷280亿美元并购派拉蒙环球,https://mp.weixin.qq.com/s/HlFabLjRgD_K8MbuOdmitQ
430,9.9元白酒，9.9元洗发水，多少打工人逛奥乐齐偷偷省钱,https://mp.weixin.qq.com/s/9Rkx5q9IvGAAWyJGE-dhug
431,好莱坞“恐AI”患者又+1，这回是尼古拉斯·凯奇,https://mp.weixin.qq.com/s/KAj571Z130PZTJEGNLy6JQ
432,新内容、新电商、新广告，TVB向内地融合“三级跳”,https://mp.weixin.qq.com/s/RxOZ8yLAXghMKct6yxxhtA
433,《绝区零》真的砸了米哈游招牌吗,https://mp.weixin.qq.com/s/cvP2yXTtVJ8NDmg16tMdfw
434,爆火的微短剧，乘上AIGC的「东风」,https://mp.weixin.qq.com/s/bfMssRFLI-S3BxKh9JEfvA
435,从内容创新到技术革新：一家动画公司的飞跃成长,https://mp.weixin.qq.com/s/5QcuXh6Uu6XFwUmZWuWzwg
436,俗套的“狸猫换太子”，靠“正反向”情绪接近2000万｜拆剧《下一站天后》,https://mp.weixin.qq.com/s/GvVIPlCCNI7BECyqHA88zw
437,美妆销售一片下滑，B站是不是一片新绿洲？,https://mp.weixin.qq.com/s/BtGhbZdo25HLTEmDOEiuvg
438,从《仙剑奇侠传》到《艾尔登法环》：游改影视风潮未泯，国产游改何去何从,https://mp.weixin.qq.com/s/_5VnmJrTmfwKToJV67uV4Q
439,海底捞为什么要在这个时间点换掉杨利娟？,https://mp.weixin.qq.com/s/1NRXFp8WShcDzl0GSKwbcw
440,《默杀》12天8亿，情绪奇观电影的胜利,https://mp.weixin.qq.com/s/iKEdR1HCBa32m-SK_cnjOQ
441,KKR17亿美元收购Superstruct，全球演唱会经济火了！,https://mp.weixin.qq.com/s/6_n3P-mc313OpAxP9hQM2w
442,156个品牌202位艺人代言，谁出圈谁玩砸？ | 代言人月度辣评,https://mp.weixin.qq.com/s/oF1ckfXmy3_CkS6UsPmI6w
443,腾讯的“帕鲁like”野望：储备4款游戏，四大工作室群上阵,https://mp.weixin.qq.com/s/77b-XnUFSkl67oDuG2J-Fw
444,“热”了三年的短剧，依然有新增长机会可寻,https://mp.weixin.qq.com/s/xc2hwug0eyG_UEaVabvZew
445,打造中国首款电影联名车，周鸿祎车展爬车顶，猛士如何冲出“围城”？｜品牌深壹度,https://mp.weixin.qq.com/s/sZ89nj9jvu5FXa9xNsdfDw
446,被撤回的“AI 训练协议”，为何遭遇网文作者集体抵制？,https://mp.weixin.qq.com/s/1_vSVhmFgooF6z6hEwUXEA
447,总分账过亿，月分账过千万，女频当先，红果短剧的钱被谁赚了？,https://mp.weixin.qq.com/s/KtKIpnj_6-NywDtfsUKdDg
448,无一有总冠，近半零招商，恋综置死地后生,https://mp.weixin.qq.com/s/yhA3UwLhqTL1KHW4a2CltQ
449,黄子韬恋综资本局遥望控盘+严敏“还债”+优酷贵州播出,https://mp.weixin.qq.com/s/LUE8O0qOLK68riJEwTVLAg
450,“做文旅短剧一定要从上往下推”丨专访,https://mp.weixin.qq.com/s/ZivIzFmjZ4JRZbi_8cxaVw
451,两年三亿的TF新生，也救不了内娱养成系,https://mp.weixin.qq.com/s/DGqNFGBQqZ7_mNMKThdHHg
452,被内卷、很焦虑、在亏钱，短剧人的“新抓手”在哪里？,https://mp.weixin.qq.com/s/HM1Dkg3MAHEE62keg3ww_g
453,连开与取消：上半年演唱会市场的冰火两重天,https://mp.weixin.qq.com/s/rFgxLgHWZTdH-8_QlRdbPg
454,“远嫁中东当富婆”引争议，跨国情侣博主正在被流量反噬,https://mp.weixin.qq.com/s/9KrEnb1FOInpq3VTUaSB9Q
455,宗馥莉辞职：股权博弈下的“以退为进”？,https://mp.weixin.qq.com/s/drJ754v1ObHM43dYa9bGXw
456,李莲花宠我，江心白撩我，我与AI剧综bot的甜蜜日常,https://mp.weixin.qq.com/s/mPfXt91jwKs3O-AuAdL67Q
457,腾讯视频，喜综福地,https://mp.weixin.qq.com/s/HaWYyD9W4GmeR6QJUPFOLw
458,千万版权费却难出爆款，现言题材亟待破局,https://mp.weixin.qq.com/s/e19G-cbBNyrOuYiff80sgQ
459,进击的线下二次元消费，来到了最好的时代,https://mp.weixin.qq.com/s/Q4eYHwKAGhw4OFm6KPsrHw
460,掀起新一轮出行风暴，阿勒泰音乐会到底有谁啊！,https://mp.weixin.qq.com/s/11nRvuyA7DpwBQuWY1Jfew
461,热血创业+现实商战，《赤热》是如何打开“科创剧”新思路的？,https://mp.weixin.qq.com/s/P5ofsOHQR5wCcPsfvwP3iA
462,美团“插手”梯媒，分众合作是真同盟还是假幌子？,https://mp.weixin.qq.com/s/ZjZ6JJeOf2QiqEy6kiSqBg
463,00后“对话”史铁生，一次跨越30年的Respect,https://mp.weixin.qq.com/s/NBtXo9TPXUB-_hOfbKb2hw
464,《种地吧》这场“取关闹剧”，源于禾伙人的“综艺奇观”,https://mp.weixin.qq.com/s/rsFmyT_z6iHgcSQwD3zWag
465,《长相思2》“一女多男”的终极目标，就是乙游,https://mp.weixin.qq.com/s/IBx5i0AatryKtSysioPo5g
466,场均收益降20%、日均回到2022，直播奥运可以救影院吗？,https://mp.weixin.qq.com/s/_URehG0nw7n1_4oOJ8jMYw
467,好莱坞又双叒叕因为AI罢工了，这回轮到游戏声优和演员,https://mp.weixin.qq.com/s/E--Hi6yLEeqiAERsQMSyxg
468,智能零售柜，背后藏着9分钱一次的打工人？,https://mp.weixin.qq.com/s/8cFuCv9x3-LCoqcMlyx2yg
469,"倒计时2天!  2024 ChinaJoy短剧创新论坛全嘉宾议程发布,共话短剧的无限可能",https://mp.weixin.qq.com/s/kIePlZkqXCLVfFHpsqCVPw
470,互联网平台奥运营销大PK：谁出圈？谁回本？,https://mp.weixin.qq.com/s/_-jm__IrNT0a3D-1qxHDFg
471,喜茶、霸王茶姬、瑞幸…奥运营销首战谁胜谁负？｜奥运观察①,https://mp.weixin.qq.com/s/_haf_yupnUAuH5RUA5gkWw
472,红杉投了一家饮料品牌，用lululemon的方法论把产业重做一遍 | 品牌深壹度,https://mp.weixin.qq.com/s/Wol9ZPP8SF2NMAYIKVL0lw
473,“新晋网红”茉莉奶白，霸王茶姬新对手？,https://mp.weixin.qq.com/s/twaTgL75-E4XNS1VAuFhIw
474,流水超3.9亿，黑神话IP开发之路该如何走？,https://mp.weixin.qq.com/s/HfumqofBopipBK_w4gIhtw
475,5档综艺4部电影，谁能“蹭”到奥运热度？,https://mp.weixin.qq.com/s/qhznX111eTzparoBs0Y8TQ
476,跑路、塌房、罢工，还是小看你们配音圈了,https://mp.weixin.qq.com/s/Ln8OoQELNX4Hwfn94mA7uw
477,派拉蒙合并天舞、华谊转让美拉，2024并购潮要来了吗？,https://mp.weixin.qq.com/s/CjVTeHQ7UQGqZfNXH1zQvA
478,13个论断，50方观点，万字长文，娱资联合ChinaJoy短剧论坛实录｜干货,https://mp.weixin.qq.com/s/50EspyzmJyLNNJ3iMhO6Ug
479,董宇辉的“分手大戏”，并没有让所有人都满意,https://mp.weixin.qq.com/s/Aa9-k8D2HZWB7CJJOf_flQ
480,7月IP衍生品榜单：Sonny Angel霸榜六天，天闻角次元拔得头筹,https://mp.weixin.qq.com/s/iBwNpwdr4On2JpN3mE9McA
481,用卡诺模型拆《异人之下》，原著粉到底在不满什么？,https://mp.weixin.qq.com/s/aVryJJn6pII3SfzFsBWRew
482,7月互联网专利盘点：百度研究音乐类AIGC，腾讯优化小游戏,https://mp.weixin.qq.com/s/zDLMkeeyYgSO6tJFSftWEw
483,黄晓明入局微短剧，传统影视演员如何跨越“长短”界限,https://mp.weixin.qq.com/s/4reWqkTi3siVCUr5A0CjOQ
484,易小星韩寒新片备案，阿里改编日本推理 | 6月下电影备案,https://mp.weixin.qq.com/s/46R_PzMvIMYx_w40d9fBSw
485,AI、出海、IP授权，今年的ChinaJoy还能给我们什么惊喜？,https://mp.weixin.qq.com/s/7_XsLhk-OHYzomv5XjqPJQ
486,电糖天使“破茧”，《和平精英》娱乐营销进入Next Level,https://mp.weixin.qq.com/s/ylFzg4GYIc_EA4EMrwKkPg
487,《死侍与金刚狼》十天3亿，老复联谢幕后首次营销开门红,https://mp.weixin.qq.com/s/SbIjfAEuyFbCpjhq7Q641A
488,34集讲完牛马职场事，破4800万的爽剧《裁员》背后是踩中了热点,https://mp.weixin.qq.com/s/3b2Hp0f1nOc_94dkrFNrUA
489,谷店第一波倒闭潮，是谁的锅？,https://mp.weixin.qq.com/s/YRD_zBydOSXXOhZDPQvzkw
490,视效奇观、家国情怀，《解密》的十年一梦,https://mp.weixin.qq.com/s/Te8tPrIOobmpFJERe1-4bg
491,从26亿《封神》到1亿《异人》，选角能定漫改影视生死？,https://mp.weixin.qq.com/s/46cVEXuyd6rG-LrBZWeTAw
492,从“火了”到“熄火”只需两年，高概念剧怎么了？,https://mp.weixin.qq.com/s/HKNAE08Cx83eL9rW8TkQuQ
493,胖东来“河南爆改湖南”背后，是打造“中国山姆”的野望,https://mp.weixin.qq.com/s/FW8ycyK8yuspAUOEREhRSA
494,体育饭圈化，品牌边利用边嫌弃？,https://mp.weixin.qq.com/s/9bzihlaElObYr4XzuRwrZQ
495,影视剪辑师被AI替代风险大增，但“没有办法阻止”,https://mp.weixin.qq.com/s/mDqKV8IcGPcaIcFF--PH3Q
496,《唐诡西行》大爆，爱奇艺暑期档霸屏,https://mp.weixin.qq.com/s/IZwiIOBORLdsju_LuxqQEA
497,500万人围观，第一款V圈游戏整了个大活,https://mp.weixin.qq.com/s/pGqABiSvWOkmtoltmkzZvQ
498,坐上行业头把交椅后，珀莱雅下一步怎么走？｜对话侯军呈,https://mp.weixin.qq.com/s/meDGYy9ETjy7w6qh6rTS7Q
